observation_id,version_no,hcp_id,product_id,week_ending,trx_count,nrx_count,sales_units
OBS-1-1-0,1,HCP-000001,PRODUCT-000001,2026-07-05,9,3,18
OBS-1-1-1,1,HCP-000001,PRODUCT-000001,2026-07-12,9,3,18
OBS-1-1-2,1,HCP-000001,PRODUCT-000001,2026-07-19,9,3,18
OBS-1-1-3,1,HCP-000001,PRODUCT-000001,2026-07-26,22,7,44
OBS-1-1-4,1,HCP-000001,PRODUCT-000001,2026-08-02,8,2,16
OBS-1-1-5,1,HCP-000001,PRODUCT-000001,2026-08-09,30,10,60
OBS-1-1-6,1,HCP-000001,PRODUCT-000001,2026-08-16,34,11,68
OBS-1-1-7,1,HCP-000001,PRODUCT-000001,2026-08-23,5,1,10
OBS-1-1-8,1,HCP-000001,PRODUCT-000001,2026-08-30,15,5,30
OBS-1-1-9,1,HCP-000001,PRODUCT-000001,2026-09-06,35,11,70
OBS-1-2-0,1,HCP-000001,PRODUCT-000002,2026-07-05,18,6,36
OBS-1-2-1,1,HCP-000001,PRODUCT-000002,2026-07-12,37,12,74
OBS-1-2-2,1,HCP-000001,PRODUCT-000002,2026-07-19,16,5,32
OBS-1-2-3,1,HCP-000001,PRODUCT-000002,2026-07-26,39,13,78
OBS-1-2-4,1,HCP-000001,PRODUCT-000002,2026-08-02,18,6,36
OBS-1-2-5,1,HCP-000001,PRODUCT-000002,2026-08-09,32,10,64
OBS-1-2-6,1,HCP-000001,PRODUCT-000002,2026-08-16,23,7,46
OBS-1-2-7,1,HCP-000001,PRODUCT-000002,2026-08-23,28,9,56
OBS-1-2-8,1,HCP-000001,PRODUCT-000002,2026-08-30,21,7,42
OBS-1-2-9,1,HCP-000001,PRODUCT-000002,2026-09-06,36,12,72
OBS-1-3-0,1,HCP-000001,PRODUCT-000003,2026-07-05,7,2,14
OBS-1-3-1,1,HCP-000001,PRODUCT-000003,2026-07-12,22,7,44
OBS-1-3-2,1,HCP-000001,PRODUCT-000003,2026-07-19,13,4,26
OBS-1-3-3,1,HCP-000001,PRODUCT-000003,2026-07-26,7,2,14
OBS-1-3-4,1,HCP-000001,PRODUCT-000003,2026-08-02,8,2,16
OBS-1-3-5,1,HCP-000001,PRODUCT-000003,2026-08-09,38,12,76
OBS-1-3-6,1,HCP-000001,PRODUCT-000003,2026-08-16,1,0,2
OBS-1-3-7,1,HCP-000001,PRODUCT-000003,2026-08-23,36,12,72
OBS-1-3-8,1,HCP-000001,PRODUCT-000003,2026-08-30,19,6,38
OBS-1-3-9,1,HCP-000001,PRODUCT-000003,2026-09-06,17,5,34
OBS-1-4-0,1,HCP-000001,PRODUCT-000004,2026-07-05,26,8,52
OBS-1-4-1,1,HCP-000001,PRODUCT-000004,2026-07-12,13,4,26
OBS-1-4-2,1,HCP-000001,PRODUCT-000004,2026-07-19,27,9,54
OBS-1-4-3,1,HCP-000001,PRODUCT-000004,2026-07-26,27,9,54
OBS-1-4-4,1,HCP-000001,PRODUCT-000004,2026-08-02,7,2,14
OBS-1-4-5,1,HCP-000001,PRODUCT-000004,2026-08-09,19,6,38
OBS-1-4-6,1,HCP-000001,PRODUCT-000004,2026-08-16,4,1,8
OBS-1-4-7,1,HCP-000001,PRODUCT-000004,2026-08-23,17,5,34
OBS-1-4-8,1,HCP-000001,PRODUCT-000004,2026-08-30,15,5,30
OBS-1-4-9,1,HCP-000001,PRODUCT-000004,2026-09-06,1,0,2
OBS-2-1-0,1,HCP-000002,PRODUCT-000001,2026-07-05,30,10,60
OBS-2-1-1,1,HCP-000002,PRODUCT-000001,2026-07-12,11,3,22
OBS-2-1-2,1,HCP-000002,PRODUCT-000001,2026-07-19,14,4,28
OBS-2-1-3,1,HCP-000002,PRODUCT-000001,2026-07-26,16,5,32
OBS-2-1-4,1,HCP-000002,PRODUCT-000001,2026-08-02,14,4,28
OBS-2-1-5,1,HCP-000002,PRODUCT-000001,2026-08-09,32,10,64
OBS-2-1-6,1,HCP-000002,PRODUCT-000001,2026-08-16,3,1,6
OBS-2-1-7,1,HCP-000002,PRODUCT-000001,2026-08-23,27,9,54
OBS-2-1-8,1,HCP-000002,PRODUCT-000001,2026-08-30,7,2,14
OBS-2-1-9,1,HCP-000002,PRODUCT-000001,2026-09-06,15,5,30
OBS-2-2-0,1,HCP-000002,PRODUCT-000002,2026-07-05,31,10,62
OBS-2-2-1,1,HCP-000002,PRODUCT-000002,2026-07-12,4,1,8
OBS-2-2-2,1,HCP-000002,PRODUCT-000002,2026-07-19,2,0,4
OBS-2-2-3,1,HCP-000002,PRODUCT-000002,2026-07-26,32,10,64
OBS-2-2-4,1,HCP-000002,PRODUCT-000002,2026-08-02,23,7,46
OBS-2-2-5,1,HCP-000002,PRODUCT-000002,2026-08-09,29,9,58
OBS-2-2-6,1,HCP-000002,PRODUCT-000002,2026-08-16,31,10,62
OBS-2-2-7,1,HCP-000002,PRODUCT-000002,2026-08-23,37,12,74
OBS-2-2-8,1,HCP-000002,PRODUCT-000002,2026-08-30,15,5,30
OBS-2-2-9,1,HCP-000002,PRODUCT-000002,2026-09-06,39,13,78
OBS-2-3-0,1,HCP-000002,PRODUCT-000003,2026-07-05,28,9,56
OBS-2-3-1,1,HCP-000002,PRODUCT-000003,2026-07-12,19,6,38
OBS-2-3-2,1,HCP-000002,PRODUCT-000003,2026-07-19,9,3,18
OBS-2-3-3,1,HCP-000002,PRODUCT-000003,2026-07-26,20,6,40
OBS-2-3-4,1,HCP-000002,PRODUCT-000003,2026-08-02,15,5,30
OBS-2-3-5,1,HCP-000002,PRODUCT-000003,2026-08-09,20,6,40
OBS-2-3-6,1,HCP-000002,PRODUCT-000003,2026-08-16,30,10,60
OBS-2-3-7,1,HCP-000002,PRODUCT-000003,2026-08-23,24,8,48
OBS-2-3-8,1,HCP-000002,PRODUCT-000003,2026-08-30,9,3,18
OBS-2-3-9,1,HCP-000002,PRODUCT-000003,2026-09-06,28,9,56
OBS-2-4-0,1,HCP-000002,PRODUCT-000004,2026-07-05,21,7,42
OBS-2-4-1,1,HCP-000002,PRODUCT-000004,2026-07-12,32,10,64
OBS-2-4-2,1,HCP-000002,PRODUCT-000004,2026-07-19,20,6,40
OBS-2-4-3,1,HCP-000002,PRODUCT-000004,2026-07-26,7,2,14
OBS-2-4-4,1,HCP-000002,PRODUCT-000004,2026-08-02,20,6,40
OBS-2-4-5,1,HCP-000002,PRODUCT-000004,2026-08-09,3,1,6
OBS-2-4-6,1,HCP-000002,PRODUCT-000004,2026-08-16,7,2,14
OBS-2-4-7,1,HCP-000002,PRODUCT-000004,2026-08-23,24,8,48
OBS-2-4-8,1,HCP-000002,PRODUCT-000004,2026-08-30,35,11,70
OBS-2-4-9,1,HCP-000002,PRODUCT-000004,2026-09-06,5,1,10
OBS-3-1-0,1,HCP-000003,PRODUCT-000001,2026-07-05,13,4,26
OBS-3-1-1,1,HCP-000003,PRODUCT-000001,2026-07-12,12,4,24
OBS-3-1-2,1,HCP-000003,PRODUCT-000001,2026-07-19,34,11,68
OBS-3-1-3,1,HCP-000003,PRODUCT-000001,2026-07-26,8,2,16
OBS-3-1-4,1,HCP-000003,PRODUCT-000001,2026-08-02,28,9,56
OBS-3-1-5,1,HCP-000003,PRODUCT-000001,2026-08-09,32,10,64
OBS-3-1-6,1,HCP-000003,PRODUCT-000001,2026-08-16,31,10,62
OBS-3-1-7,1,HCP-000003,PRODUCT-000001,2026-08-23,37,12,74
OBS-3-1-8,1,HCP-000003,PRODUCT-000001,2026-08-30,37,12,74
OBS-3-1-9,1,HCP-000003,PRODUCT-000001,2026-09-06,39,13,78
OBS-3-2-0,1,HCP-000003,PRODUCT-000002,2026-07-05,32,10,64
OBS-3-2-1,1,HCP-000003,PRODUCT-000002,2026-07-12,31,10,62
OBS-3-2-2,1,HCP-000003,PRODUCT-000002,2026-07-19,30,10,60
OBS-3-2-3,1,HCP-000003,PRODUCT-000002,2026-07-26,35,11,70
OBS-3-2-4,1,HCP-000003,PRODUCT-000002,2026-08-02,16,5,32
OBS-3-2-5,1,HCP-000003,PRODUCT-000002,2026-08-09,20,6,40
OBS-3-2-6,1,HCP-000003,PRODUCT-000002,2026-08-16,32,10,64
OBS-3-2-7,1,HCP-000003,PRODUCT-000002,2026-08-23,19,6,38
OBS-3-2-8,1,HCP-000003,PRODUCT-000002,2026-08-30,13,4,26
OBS-3-2-9,1,HCP-000003,PRODUCT-000002,2026-09-06,37,12,74
OBS-3-3-0,1,HCP-000003,PRODUCT-000003,2026-07-05,20,6,40
OBS-3-3-1,1,HCP-000003,PRODUCT-000003,2026-07-12,10,3,20
OBS-3-3-2,1,HCP-000003,PRODUCT-000003,2026-07-19,3,1,6
OBS-3-3-3,1,HCP-000003,PRODUCT-000003,2026-07-26,30,10,60
OBS-3-3-4,1,HCP-000003,PRODUCT-000003,2026-08-02,15,5,30
OBS-3-3-5,1,HCP-000003,PRODUCT-000003,2026-08-09,15,5,30
OBS-3-3-6,1,HCP-000003,PRODUCT-000003,2026-08-16,21,7,42
OBS-3-3-7,1,HCP-000003,PRODUCT-000003,2026-08-23,9,3,18
OBS-3-3-8,1,HCP-000003,PRODUCT-000003,2026-08-30,23,7,46
OBS-3-3-9,1,HCP-000003,PRODUCT-000003,2026-09-06,36,12,72
OBS-3-4-0,1,HCP-000003,PRODUCT-000004,2026-07-05,13,4,26
OBS-3-4-1,1,HCP-000003,PRODUCT-000004,2026-07-12,9,3,18
OBS-3-4-2,1,HCP-000003,PRODUCT-000004,2026-07-19,9,3,18
OBS-3-4-3,1,HCP-000003,PRODUCT-000004,2026-07-26,19,6,38
OBS-3-4-4,1,HCP-000003,PRODUCT-000004,2026-08-02,36,12,72
OBS-3-4-5,1,HCP-000003,PRODUCT-000004,2026-08-09,26,8,52
OBS-3-4-6,1,HCP-000003,PRODUCT-000004,2026-08-16,1,0,2
OBS-3-4-7,1,HCP-000003,PRODUCT-000004,2026-08-23,38,12,76
OBS-3-4-8,1,HCP-000003,PRODUCT-000004,2026-08-30,32,10,64
OBS-3-4-9,1,HCP-000003,PRODUCT-000004,2026-09-06,16,5,32
OBS-4-1-0,1,HCP-000004,PRODUCT-000001,2026-07-05,24,8,48
OBS-4-1-1,1,HCP-000004,PRODUCT-000001,2026-07-12,24,8,48
OBS-4-1-2,1,HCP-000004,PRODUCT-000001,2026-07-19,5,1,10
OBS-4-1-3,1,HCP-000004,PRODUCT-000001,2026-07-26,28,9,56
OBS-4-1-4,1,HCP-000004,PRODUCT-000001,2026-08-02,2,0,4
OBS-4-1-5,1,HCP-000004,PRODUCT-000001,2026-08-09,30,10,60
OBS-4-1-6,1,HCP-000004,PRODUCT-000001,2026-08-16,3,1,6
OBS-4-1-7,1,HCP-000004,PRODUCT-000001,2026-08-23,27,9,54
OBS-4-1-8,1,HCP-000004,PRODUCT-000001,2026-08-30,21,7,42
OBS-4-1-9,1,HCP-000004,PRODUCT-000001,2026-09-06,6,2,12
OBS-4-2-0,1,HCP-000004,PRODUCT-000002,2026-07-05,9,3,18
OBS-4-2-1,1,HCP-000004,PRODUCT-000002,2026-07-12,33,11,66
OBS-4-2-2,1,HCP-000004,PRODUCT-000002,2026-07-19,20,6,40
OBS-4-2-3,1,HCP-000004,PRODUCT-000002,2026-07-26,21,7,42
OBS-4-2-4,1,HCP-000004,PRODUCT-000002,2026-08-02,9,3,18
OBS-4-2-5,1,HCP-000004,PRODUCT-000002,2026-08-09,31,10,62
OBS-4-2-6,1,HCP-000004,PRODUCT-000002,2026-08-16,10,3,20
OBS-4-2-7,1,HCP-000004,PRODUCT-000002,2026-08-23,2,0,4
OBS-4-2-8,1,HCP-000004,PRODUCT-000002,2026-08-30,5,1,10
OBS-4-2-9,1,HCP-000004,PRODUCT-000002,2026-09-06,8,2,16
OBS-4-3-0,1,HCP-000004,PRODUCT-000003,2026-07-05,34,11,68
OBS-4-3-1,1,HCP-000004,PRODUCT-000003,2026-07-12,3,1,6
OBS-4-3-2,1,HCP-000004,PRODUCT-000003,2026-07-19,18,6,36
OBS-4-3-3,1,HCP-000004,PRODUCT-000003,2026-07-26,6,2,12
OBS-4-3-4,1,HCP-000004,PRODUCT-000003,2026-08-02,7,2,14
OBS-4-3-5,1,HCP-000004,PRODUCT-000003,2026-08-09,15,5,30
OBS-4-3-6,1,HCP-000004,PRODUCT-000003,2026-08-16,13,4,26
OBS-4-3-7,1,HCP-000004,PRODUCT-000003,2026-08-23,30,10,60
OBS-4-3-8,1,HCP-000004,PRODUCT-000003,2026-08-30,35,11,70
OBS-4-3-9,1,HCP-000004,PRODUCT-000003,2026-09-06,15,5,30
OBS-4-4-0,1,HCP-000004,PRODUCT-000004,2026-07-05,28,9,56
OBS-4-4-1,1,HCP-000004,PRODUCT-000004,2026-07-12,33,11,66
OBS-4-4-2,1,HCP-000004,PRODUCT-000004,2026-07-19,30,10,60
OBS-4-4-3,1,HCP-000004,PRODUCT-000004,2026-07-26,22,7,44
OBS-4-4-4,1,HCP-000004,PRODUCT-000004,2026-08-02,9,3,18
OBS-4-4-5,1,HCP-000004,PRODUCT-000004,2026-08-09,29,9,58
OBS-4-4-6,1,HCP-000004,PRODUCT-000004,2026-08-16,18,6,36
OBS-4-4-7,1,HCP-000004,PRODUCT-000004,2026-08-23,36,12,72
OBS-4-4-8,1,HCP-000004,PRODUCT-000004,2026-08-30,14,4,28
OBS-4-4-9,1,HCP-000004,PRODUCT-000004,2026-09-06,2,0,4
OBS-5-1-0,1,HCP-000005,PRODUCT-000001,2026-07-05,34,11,68
OBS-5-1-1,1,HCP-000005,PRODUCT-000001,2026-07-12,19,6,38
OBS-5-1-2,1,HCP-000005,PRODUCT-000001,2026-07-19,21,7,42
OBS-5-1-3,1,HCP-000005,PRODUCT-000001,2026-07-26,1,0,2
OBS-5-1-4,1,HCP-000005,PRODUCT-000001,2026-08-02,9,3,18
OBS-5-1-5,1,HCP-000005,PRODUCT-000001,2026-08-09,14,4,28
OBS-5-1-6,1,HCP-000005,PRODUCT-000001,2026-08-16,36,12,72
OBS-5-1-7,1,HCP-000005,PRODUCT-000001,2026-08-23,10,3,20
OBS-5-1-8,1,HCP-000005,PRODUCT-000001,2026-08-30,15,5,30
OBS-5-1-9,1,HCP-000005,PRODUCT-000001,2026-09-06,9,3,18
OBS-5-2-0,1,HCP-000005,PRODUCT-000002,2026-07-05,21,7,42
OBS-5-2-1,1,HCP-000005,PRODUCT-000002,2026-07-12,14,4,28
OBS-5-2-2,1,HCP-000005,PRODUCT-000002,2026-07-19,26,8,52
OBS-5-2-3,1,HCP-000005,PRODUCT-000002,2026-07-26,10,3,20
OBS-5-2-4,1,HCP-000005,PRODUCT-000002,2026-08-02,33,11,66
OBS-5-2-5,1,HCP-000005,PRODUCT-000002,2026-08-09,19,6,38
OBS-5-2-6,1,HCP-000005,PRODUCT-000002,2026-08-16,10,3,20
OBS-5-2-7,1,HCP-000005,PRODUCT-000002,2026-08-23,35,11,70
OBS-5-2-8,1,HCP-000005,PRODUCT-000002,2026-08-30,30,10,60
OBS-5-2-9,1,HCP-000005,PRODUCT-000002,2026-09-06,22,7,44
OBS-5-3-0,1,HCP-000005,PRODUCT-000003,2026-07-05,31,10,62
OBS-5-3-1,1,HCP-000005,PRODUCT-000003,2026-07-12,29,9,58
OBS-5-3-2,1,HCP-000005,PRODUCT-000003,2026-07-19,20,6,40
OBS-5-3-3,1,HCP-000005,PRODUCT-000003,2026-07-26,25,8,50
OBS-5-3-4,1,HCP-000005,PRODUCT-000003,2026-08-02,37,12,74
OBS-5-3-5,1,HCP-000005,PRODUCT-000003,2026-08-09,21,7,42
OBS-5-3-6,1,HCP-000005,PRODUCT-000003,2026-08-16,15,5,30
OBS-5-3-7,1,HCP-000005,PRODUCT-000003,2026-08-23,16,5,32
OBS-5-3-8,1,HCP-000005,PRODUCT-000003,2026-08-30,24,8,48
OBS-5-3-9,1,HCP-000005,PRODUCT-000003,2026-09-06,34,11,68
OBS-5-4-0,1,HCP-000005,PRODUCT-000004,2026-07-05,29,9,58
OBS-5-4-1,1,HCP-000005,PRODUCT-000004,2026-07-12,16,5,32
OBS-5-4-2,1,HCP-000005,PRODUCT-000004,2026-07-19,28,9,56
OBS-5-4-3,1,HCP-000005,PRODUCT-000004,2026-07-26,39,13,78
OBS-5-4-4,1,HCP-000005,PRODUCT-000004,2026-08-02,3,1,6
OBS-5-4-5,1,HCP-000005,PRODUCT-000004,2026-08-09,13,4,26
OBS-5-4-6,1,HCP-000005,PRODUCT-000004,2026-08-16,36,12,72
OBS-5-4-7,1,HCP-000005,PRODUCT-000004,2026-08-23,21,7,42
OBS-5-4-8,1,HCP-000005,PRODUCT-000004,2026-08-30,34,11,68
OBS-5-4-9,1,HCP-000005,PRODUCT-000004,2026-09-06,13,4,26
OBS-6-1-0,1,HCP-000006,PRODUCT-000001,2026-07-05,25,8,50
OBS-6-1-1,1,HCP-000006,PRODUCT-000001,2026-07-12,24,8,48
OBS-6-1-2,1,HCP-000006,PRODUCT-000001,2026-07-19,35,11,70
OBS-6-1-3,1,HCP-000006,PRODUCT-000001,2026-07-26,23,7,46
OBS-6-1-4,1,HCP-000006,PRODUCT-000001,2026-08-02,14,4,28
OBS-6-1-5,1,HCP-000006,PRODUCT-000001,2026-08-09,38,12,76
OBS-6-1-6,1,HCP-000006,PRODUCT-000001,2026-08-16,4,1,8
OBS-6-1-7,1,HCP-000006,PRODUCT-000001,2026-08-23,9,3,18
OBS-6-1-8,1,HCP-000006,PRODUCT-000001,2026-08-30,27,9,54
OBS-6-1-9,1,HCP-000006,PRODUCT-000001,2026-09-06,3,1,6
OBS-6-2-0,1,HCP-000006,PRODUCT-000002,2026-07-05,34,11,68
OBS-6-2-1,1,HCP-000006,PRODUCT-000002,2026-07-12,27,9,54
OBS-6-2-2,1,HCP-000006,PRODUCT-000002,2026-07-19,21,7,42
OBS-6-2-3,1,HCP-000006,PRODUCT-000002,2026-07-26,30,10,60
OBS-6-2-4,1,HCP-000006,PRODUCT-000002,2026-08-02,30,10,60
OBS-6-2-5,1,HCP-000006,PRODUCT-000002,2026-08-09,29,9,58
OBS-6-2-6,1,HCP-000006,PRODUCT-000002,2026-08-16,1,0,2
OBS-6-2-7,1,HCP-000006,PRODUCT-000002,2026-08-23,11,3,22
OBS-6-2-8,1,HCP-000006,PRODUCT-000002,2026-08-30,10,3,20
OBS-6-2-9,1,HCP-000006,PRODUCT-000002,2026-09-06,16,5,32
OBS-6-3-0,1,HCP-000006,PRODUCT-000003,2026-07-05,7,2,14
OBS-6-3-1,1,HCP-000006,PRODUCT-000003,2026-07-12,23,7,46
OBS-6-3-2,1,HCP-000006,PRODUCT-000003,2026-07-19,2,0,4
OBS-6-3-3,1,HCP-000006,PRODUCT-000003,2026-07-26,11,3,22
OBS-6-3-4,1,HCP-000006,PRODUCT-000003,2026-08-02,4,1,8
OBS-6-3-5,1,HCP-000006,PRODUCT-000003,2026-08-09,14,4,28
OBS-6-3-6,1,HCP-000006,PRODUCT-000003,2026-08-16,22,7,44
OBS-6-3-7,1,HCP-000006,PRODUCT-000003,2026-08-23,34,11,68
OBS-6-3-8,1,HCP-000006,PRODUCT-000003,2026-08-30,13,4,26
OBS-6-3-9,1,HCP-000006,PRODUCT-000003,2026-09-06,15,5,30
OBS-6-4-0,1,HCP-000006,PRODUCT-000004,2026-07-05,19,6,38
OBS-6-4-1,1,HCP-000006,PRODUCT-000004,2026-07-12,13,4,26
OBS-6-4-2,1,HCP-000006,PRODUCT-000004,2026-07-19,23,7,46
OBS-6-4-3,1,HCP-000006,PRODUCT-000004,2026-07-26,21,7,42
OBS-6-4-4,1,HCP-000006,PRODUCT-000004,2026-08-02,15,5,30
OBS-6-4-5,1,HCP-000006,PRODUCT-000004,2026-08-09,12,4,24
OBS-6-4-6,1,HCP-000006,PRODUCT-000004,2026-08-16,10,3,20
OBS-6-4-7,1,HCP-000006,PRODUCT-000004,2026-08-23,32,10,64
OBS-6-4-8,1,HCP-000006,PRODUCT-000004,2026-08-30,13,4,26
OBS-6-4-9,1,HCP-000006,PRODUCT-000004,2026-09-06,6,2,12
OBS-7-1-0,1,HCP-000007,PRODUCT-000001,2026-07-05,38,12,76
OBS-7-1-1,1,HCP-000007,PRODUCT-000001,2026-07-12,39,13,78
OBS-7-1-2,1,HCP-000007,PRODUCT-000001,2026-07-19,19,6,38
OBS-7-1-3,1,HCP-000007,PRODUCT-000001,2026-07-26,17,5,34
OBS-7-1-4,1,HCP-000007,PRODUCT-000001,2026-08-02,14,4,28
OBS-7-1-5,1,HCP-000007,PRODUCT-000001,2026-08-09,26,8,52
OBS-7-1-6,1,HCP-000007,PRODUCT-000001,2026-08-16,38,12,76
OBS-7-1-7,1,HCP-000007,PRODUCT-000001,2026-08-23,31,10,62
OBS-7-1-8,1,HCP-000007,PRODUCT-000001,2026-08-30,4,1,8
OBS-7-1-9,1,HCP-000007,PRODUCT-000001,2026-09-06,18,6,36
OBS-7-2-0,1,HCP-000007,PRODUCT-000002,2026-07-05,35,11,70
OBS-7-2-1,1,HCP-000007,PRODUCT-000002,2026-07-12,28,9,56
OBS-7-2-2,1,HCP-000007,PRODUCT-000002,2026-07-19,29,9,58
OBS-7-2-3,1,HCP-000007,PRODUCT-000002,2026-07-26,31,10,62
OBS-7-2-4,1,HCP-000007,PRODUCT-000002,2026-08-02,19,6,38
OBS-7-2-5,1,HCP-000007,PRODUCT-000002,2026-08-09,19,6,38
OBS-7-2-6,1,HCP-000007,PRODUCT-000002,2026-08-16,23,7,46
OBS-7-2-7,1,HCP-000007,PRODUCT-000002,2026-08-23,1,0,2
OBS-7-2-8,1,HCP-000007,PRODUCT-000002,2026-08-30,22,7,44
OBS-7-2-9,1,HCP-000007,PRODUCT-000002,2026-09-06,2,0,4
OBS-7-3-0,1,HCP-000007,PRODUCT-000003,2026-07-05,23,7,46
OBS-7-3-1,1,HCP-000007,PRODUCT-000003,2026-07-12,24,8,48
OBS-7-3-2,1,HCP-000007,PRODUCT-000003,2026-07-19,19,6,38
OBS-7-3-3,1,HCP-000007,PRODUCT-000003,2026-07-26,22,7,44
OBS-7-3-4,1,HCP-000007,PRODUCT-000003,2026-08-02,24,8,48
OBS-7-3-5,1,HCP-000007,PRODUCT-000003,2026-08-09,20,6,40
OBS-7-3-6,1,HCP-000007,PRODUCT-000003,2026-08-16,17,5,34
OBS-7-3-7,1,HCP-000007,PRODUCT-000003,2026-08-23,29,9,58
OBS-7-3-8,1,HCP-000007,PRODUCT-000003,2026-08-30,36,12,72
OBS-7-3-9,1,HCP-000007,PRODUCT-000003,2026-09-06,3,1,6
OBS-7-4-0,1,HCP-000007,PRODUCT-000004,2026-07-05,16,5,32
OBS-7-4-1,1,HCP-000007,PRODUCT-000004,2026-07-12,36,12,72
OBS-7-4-2,1,HCP-000007,PRODUCT-000004,2026-07-19,25,8,50
OBS-7-4-3,1,HCP-000007,PRODUCT-000004,2026-07-26,28,9,56
OBS-7-4-4,1,HCP-000007,PRODUCT-000004,2026-08-02,21,7,42
OBS-7-4-5,1,HCP-000007,PRODUCT-000004,2026-08-09,35,11,70
OBS-7-4-6,1,HCP-000007,PRODUCT-000004,2026-08-16,28,9,56
OBS-7-4-7,1,HCP-000007,PRODUCT-000004,2026-08-23,14,4,28
OBS-7-4-8,1,HCP-000007,PRODUCT-000004,2026-08-30,8,2,16
OBS-7-4-9,1,HCP-000007,PRODUCT-000004,2026-09-06,15,5,30
OBS-8-1-0,1,HCP-000008,PRODUCT-000001,2026-07-05,36,12,72
OBS-8-1-1,1,HCP-000008,PRODUCT-000001,2026-07-12,26,8,52
OBS-8-1-2,1,HCP-000008,PRODUCT-000001,2026-07-19,26,8,52
OBS-8-1-3,1,HCP-000008,PRODUCT-000001,2026-07-26,23,7,46
OBS-8-1-4,1,HCP-000008,PRODUCT-000001,2026-08-02,18,6,36
OBS-8-1-5,1,HCP-000008,PRODUCT-000001,2026-08-09,3,1,6
OBS-8-1-6,1,HCP-000008,PRODUCT-000001,2026-08-16,23,7,46
OBS-8-1-7,1,HCP-000008,PRODUCT-000001,2026-08-23,38,12,76
OBS-8-1-8,1,HCP-000008,PRODUCT-000001,2026-08-30,22,7,44
OBS-8-1-9,1,HCP-000008,PRODUCT-000001,2026-09-06,21,7,42
OBS-8-2-0,1,HCP-000008,PRODUCT-000002,2026-07-05,19,6,38
OBS-8-2-1,1,HCP-000008,PRODUCT-000002,2026-07-12,22,7,44
OBS-8-2-2,1,HCP-000008,PRODUCT-000002,2026-07-19,24,8,48
OBS-8-2-3,1,HCP-000008,PRODUCT-000002,2026-07-26,35,11,70
OBS-8-2-4,1,HCP-000008,PRODUCT-000002,2026-08-02,38,12,76
OBS-8-2-5,1,HCP-000008,PRODUCT-000002,2026-08-09,24,8,48
OBS-8-2-6,1,HCP-000008,PRODUCT-000002,2026-08-16,35,11,70
OBS-8-2-7,1,HCP-000008,PRODUCT-000002,2026-08-23,6,2,12
OBS-8-2-8,1,HCP-000008,PRODUCT-000002,2026-08-30,17,5,34
OBS-8-2-9,1,HCP-000008,PRODUCT-000002,2026-09-06,18,6,36
OBS-8-3-0,1,HCP-000008,PRODUCT-000003,2026-07-05,20,6,40
OBS-8-3-1,1,HCP-000008,PRODUCT-000003,2026-07-12,13,4,26
OBS-8-3-2,1,HCP-000008,PRODUCT-000003,2026-07-19,17,5,34
OBS-8-3-3,1,HCP-000008,PRODUCT-000003,2026-07-26,30,10,60
OBS-8-3-4,1,HCP-000008,PRODUCT-000003,2026-08-02,26,8,52
OBS-8-3-5,1,HCP-000008,PRODUCT-000003,2026-08-09,34,11,68
OBS-8-3-6,1,HCP-000008,PRODUCT-000003,2026-08-16,19,6,38
OBS-8-3-7,1,HCP-000008,PRODUCT-000003,2026-08-23,21,7,42
OBS-8-3-8,1,HCP-000008,PRODUCT-000003,2026-08-30,30,10,60
OBS-8-3-9,1,HCP-000008,PRODUCT-000003,2026-09-06,27,9,54
OBS-8-4-0,1,HCP-000008,PRODUCT-000004,2026-07-05,10,3,20
OBS-8-4-1,1,HCP-000008,PRODUCT-000004,2026-07-12,3,1,6
OBS-8-4-2,1,HCP-000008,PRODUCT-000004,2026-07-19,20,6,40
OBS-8-4-3,1,HCP-000008,PRODUCT-000004,2026-07-26,25,8,50
OBS-8-4-4,1,HCP-000008,PRODUCT-000004,2026-08-02,39,13,78
OBS-8-4-5,1,HCP-000008,PRODUCT-000004,2026-08-09,28,9,56
OBS-8-4-6,1,HCP-000008,PRODUCT-000004,2026-08-16,30,10,60
OBS-8-4-7,1,HCP-000008,PRODUCT-000004,2026-08-23,4,1,8
OBS-8-4-8,1,HCP-000008,PRODUCT-000004,2026-08-30,8,2,16
OBS-8-4-9,1,HCP-000008,PRODUCT-000004,2026-09-06,27,9,54
OBS-9-1-0,1,HCP-000009,PRODUCT-000001,2026-07-05,25,8,50
OBS-9-1-1,1,HCP-000009,PRODUCT-000001,2026-07-12,16,5,32
OBS-9-1-2,1,HCP-000009,PRODUCT-000001,2026-07-19,13,4,26
OBS-9-1-3,1,HCP-000009,PRODUCT-000001,2026-07-26,1,0,2
OBS-9-1-4,1,HCP-000009,PRODUCT-000001,2026-08-02,4,1,8
OBS-9-1-5,1,HCP-000009,PRODUCT-000001,2026-08-09,10,3,20
OBS-9-1-6,1,HCP-000009,PRODUCT-000001,2026-08-16,1,0,2
OBS-9-1-7,1,HCP-000009,PRODUCT-000001,2026-08-23,11,3,22
OBS-9-1-8,1,HCP-000009,PRODUCT-000001,2026-08-30,36,12,72
OBS-9-1-9,1,HCP-000009,PRODUCT-000001,2026-09-06,2,0,4
OBS-9-2-0,1,HCP-000009,PRODUCT-000002,2026-07-05,3,1,6
OBS-9-2-1,1,HCP-000009,PRODUCT-000002,2026-07-12,12,4,24
OBS-9-2-2,1,HCP-000009,PRODUCT-000002,2026-07-19,27,9,54
OBS-9-2-3,1,HCP-000009,PRODUCT-000002,2026-07-26,7,2,14
OBS-9-2-4,1,HCP-000009,PRODUCT-000002,2026-08-02,37,12,74
OBS-9-2-5,1,HCP-000009,PRODUCT-000002,2026-08-09,22,7,44
OBS-9-2-6,1,HCP-000009,PRODUCT-000002,2026-08-16,23,7,46
OBS-9-2-7,1,HCP-000009,PRODUCT-000002,2026-08-23,38,12,76
OBS-9-2-8,1,HCP-000009,PRODUCT-000002,2026-08-30,8,2,16
OBS-9-2-9,1,HCP-000009,PRODUCT-000002,2026-09-06,14,4,28
OBS-9-3-0,1,HCP-000009,PRODUCT-000003,2026-07-05,27,9,54
OBS-9-3-1,1,HCP-000009,PRODUCT-000003,2026-07-12,13,4,26
OBS-9-3-2,1,HCP-000009,PRODUCT-000003,2026-07-19,37,12,74
OBS-9-3-3,1,HCP-000009,PRODUCT-000003,2026-07-26,38,12,76
OBS-9-3-4,1,HCP-000009,PRODUCT-000003,2026-08-02,3,1,6
OBS-9-3-5,1,HCP-000009,PRODUCT-000003,2026-08-09,22,7,44
OBS-9-3-6,1,HCP-000009,PRODUCT-000003,2026-08-16,21,7,42
OBS-9-3-7,1,HCP-000009,PRODUCT-000003,2026-08-23,20,6,40
OBS-9-3-8,1,HCP-000009,PRODUCT-000003,2026-08-30,31,10,62
OBS-9-3-9,1,HCP-000009,PRODUCT-000003,2026-09-06,8,2,16
OBS-9-4-0,1,HCP-000009,PRODUCT-000004,2026-07-05,33,11,66
OBS-9-4-1,1,HCP-000009,PRODUCT-000004,2026-07-12,8,2,16
OBS-9-4-2,1,HCP-000009,PRODUCT-000004,2026-07-19,16,5,32
OBS-9-4-3,1,HCP-000009,PRODUCT-000004,2026-07-26,8,2,16
OBS-9-4-4,1,HCP-000009,PRODUCT-000004,2026-08-02,28,9,56
OBS-9-4-5,1,HCP-000009,PRODUCT-000004,2026-08-09,1,0,2
OBS-9-4-6,1,HCP-000009,PRODUCT-000004,2026-08-16,32,10,64
OBS-9-4-7,1,HCP-000009,PRODUCT-000004,2026-08-23,29,9,58
OBS-9-4-8,1,HCP-000009,PRODUCT-000004,2026-08-30,12,4,24
OBS-9-4-9,1,HCP-000009,PRODUCT-000004,2026-09-06,14,4,28
OBS-10-1-0,1,HCP-000010,PRODUCT-000001,2026-07-05,26,8,52
OBS-10-1-1,1,HCP-000010,PRODUCT-000001,2026-07-12,24,8,48
OBS-10-1-2,1,HCP-000010,PRODUCT-000001,2026-07-19,4,1,8
OBS-10-1-3,1,HCP-000010,PRODUCT-000001,2026-07-26,39,13,78
OBS-10-1-4,1,HCP-000010,PRODUCT-000001,2026-08-02,9,3,18
OBS-10-1-5,1,HCP-000010,PRODUCT-000001,2026-08-09,8,2,16
OBS-10-1-6,1,HCP-000010,PRODUCT-000001,2026-08-16,23,7,46
OBS-10-1-7,1,HCP-000010,PRODUCT-000001,2026-08-23,18,6,36
OBS-10-1-8,1,HCP-000010,PRODUCT-000001,2026-08-30,14,4,28
OBS-10-1-9,1,HCP-000010,PRODUCT-000001,2026-09-06,34,11,68
OBS-10-2-0,1,HCP-000010,PRODUCT-000002,2026-07-05,23,7,46
OBS-10-2-1,1,HCP-000010,PRODUCT-000002,2026-07-12,27,9,54
OBS-10-2-2,1,HCP-000010,PRODUCT-000002,2026-07-19,28,9,56
OBS-10-2-3,1,HCP-000010,PRODUCT-000002,2026-07-26,26,8,52
OBS-10-2-4,1,HCP-000010,PRODUCT-000002,2026-08-02,14,4,28
OBS-10-2-5,1,HCP-000010,PRODUCT-000002,2026-08-09,24,8,48
OBS-10-2-6,1,HCP-000010,PRODUCT-000002,2026-08-16,15,5,30
OBS-10-2-7,1,HCP-000010,PRODUCT-000002,2026-08-23,13,4,26
OBS-10-2-8,1,HCP-000010,PRODUCT-000002,2026-08-30,11,3,22
OBS-10-2-9,1,HCP-000010,PRODUCT-000002,2026-09-06,7,2,14
OBS-10-3-0,1,HCP-000010,PRODUCT-000003,2026-07-05,6,2,12
OBS-10-3-1,1,HCP-000010,PRODUCT-000003,2026-07-12,17,5,34
OBS-10-3-2,1,HCP-000010,PRODUCT-000003,2026-07-19,15,5,30
OBS-10-3-3,1,HCP-000010,PRODUCT-000003,2026-07-26,37,12,74
OBS-10-3-4,1,HCP-000010,PRODUCT-000003,2026-08-02,36,12,72
OBS-10-3-5,1,HCP-000010,PRODUCT-000003,2026-08-09,27,9,54
OBS-10-3-6,1,HCP-000010,PRODUCT-000003,2026-08-16,11,3,22
OBS-10-3-7,1,HCP-000010,PRODUCT-000003,2026-08-23,2,0,4
OBS-10-3-8,1,HCP-000010,PRODUCT-000003,2026-08-30,22,7,44
OBS-10-3-9,1,HCP-000010,PRODUCT-000003,2026-09-06,12,4,24
OBS-10-4-0,1,HCP-000010,PRODUCT-000004,2026-07-05,4,1,8
OBS-10-4-1,1,HCP-000010,PRODUCT-000004,2026-07-12,4,1,8
OBS-10-4-2,1,HCP-000010,PRODUCT-000004,2026-07-19,10,3,20
OBS-10-4-3,1,HCP-000010,PRODUCT-000004,2026-07-26,36,12,72
OBS-10-4-4,1,HCP-000010,PRODUCT-000004,2026-08-02,5,1,10
OBS-10-4-5,1,HCP-000010,PRODUCT-000004,2026-08-09,9,3,18
OBS-10-4-6,1,HCP-000010,PRODUCT-000004,2026-08-16,8,2,16
OBS-10-4-7,1,HCP-000010,PRODUCT-000004,2026-08-23,12,4,24
OBS-10-4-8,1,HCP-000010,PRODUCT-000004,2026-08-30,7,2,14
OBS-10-4-9,1,HCP-000010,PRODUCT-000004,2026-09-06,37,12,74
OBS-11-1-0,1,HCP-000011,PRODUCT-000001,2026-07-05,14,4,28
OBS-11-1-1,1,HCP-000011,PRODUCT-000001,2026-07-12,1,0,2
OBS-11-1-2,1,HCP-000011,PRODUCT-000001,2026-07-19,22,7,44
OBS-11-1-3,1,HCP-000011,PRODUCT-000001,2026-07-26,22,7,44
OBS-11-1-4,1,HCP-000011,PRODUCT-000001,2026-08-02,33,11,66
OBS-11-1-5,1,HCP-000011,PRODUCT-000001,2026-08-09,31,10,62
OBS-11-1-6,1,HCP-000011,PRODUCT-000001,2026-08-16,2,0,4
OBS-11-1-7,1,HCP-000011,PRODUCT-000001,2026-08-23,12,4,24
OBS-11-1-8,1,HCP-000011,PRODUCT-000001,2026-08-30,14,4,28
OBS-11-1-9,1,HCP-000011,PRODUCT-000001,2026-09-06,20,6,40
OBS-11-2-0,1,HCP-000011,PRODUCT-000002,2026-07-05,28,9,56
OBS-11-2-1,1,HCP-000011,PRODUCT-000002,2026-07-12,21,7,42
OBS-11-2-2,1,HCP-000011,PRODUCT-000002,2026-07-19,25,8,50
OBS-11-2-3,1,HCP-000011,PRODUCT-000002,2026-07-26,14,4,28
OBS-11-2-4,1,HCP-000011,PRODUCT-000002,2026-08-02,2,0,4
OBS-11-2-5,1,HCP-000011,PRODUCT-000002,2026-08-09,39,13,78
OBS-11-2-6,1,HCP-000011,PRODUCT-000002,2026-08-16,19,6,38
OBS-11-2-7,1,HCP-000011,PRODUCT-000002,2026-08-23,20,6,40
OBS-11-2-8,1,HCP-000011,PRODUCT-000002,2026-08-30,9,3,18
OBS-11-2-9,1,HCP-000011,PRODUCT-000002,2026-09-06,19,6,38
OBS-11-3-0,1,HCP-000011,PRODUCT-000003,2026-07-05,25,8,50
OBS-11-3-1,1,HCP-000011,PRODUCT-000003,2026-07-12,1,0,2
OBS-11-3-2,1,HCP-000011,PRODUCT-000003,2026-07-19,9,3,18
OBS-11-3-3,1,HCP-000011,PRODUCT-000003,2026-07-26,35,11,70
OBS-11-3-4,1,HCP-000011,PRODUCT-000003,2026-08-02,5,1,10
OBS-11-3-5,1,HCP-000011,PRODUCT-000003,2026-08-09,15,5,30
OBS-11-3-6,1,HCP-000011,PRODUCT-000003,2026-08-16,1,0,2
OBS-11-3-7,1,HCP-000011,PRODUCT-000003,2026-08-23,30,10,60
OBS-11-3-8,1,HCP-000011,PRODUCT-000003,2026-08-30,33,11,66
OBS-11-3-9,1,HCP-000011,PRODUCT-000003,2026-09-06,15,5,30
OBS-11-4-0,1,HCP-000011,PRODUCT-000004,2026-07-05,25,8,50
OBS-11-4-1,1,HCP-000011,PRODUCT-000004,2026-07-12,21,7,42
OBS-11-4-2,1,HCP-000011,PRODUCT-000004,2026-07-19,31,10,62
OBS-11-4-3,1,HCP-000011,PRODUCT-000004,2026-07-26,9,3,18
OBS-11-4-4,1,HCP-000011,PRODUCT-000004,2026-08-02,10,3,20
OBS-11-4-5,1,HCP-000011,PRODUCT-000004,2026-08-09,31,10,62
OBS-11-4-6,1,HCP-000011,PRODUCT-000004,2026-08-16,5,1,10
OBS-11-4-7,1,HCP-000011,PRODUCT-000004,2026-08-23,9,3,18
OBS-11-4-8,1,HCP-000011,PRODUCT-000004,2026-08-30,1,0,2
OBS-11-4-9,1,HCP-000011,PRODUCT-000004,2026-09-06,26,8,52
OBS-12-1-0,1,HCP-000012,PRODUCT-000001,2026-07-05,35,11,70
OBS-12-1-1,1,HCP-000012,PRODUCT-000001,2026-07-12,1,0,2
OBS-12-1-2,1,HCP-000012,PRODUCT-000001,2026-07-19,30,10,60
OBS-12-1-3,1,HCP-000012,PRODUCT-000001,2026-07-26,9,3,18
OBS-12-1-4,1,HCP-000012,PRODUCT-000001,2026-08-02,6,2,12
OBS-12-1-5,1,HCP-000012,PRODUCT-000001,2026-08-09,2,0,4
OBS-12-1-6,1,HCP-000012,PRODUCT-000001,2026-08-16,28,9,56
OBS-12-1-7,1,HCP-000012,PRODUCT-000001,2026-08-23,10,3,20
OBS-12-1-8,1,HCP-000012,PRODUCT-000001,2026-08-30,22,7,44
OBS-12-1-9,1,HCP-000012,PRODUCT-000001,2026-09-06,11,3,22
OBS-12-2-0,1,HCP-000012,PRODUCT-000002,2026-07-05,16,5,32
OBS-12-2-1,1,HCP-000012,PRODUCT-000002,2026-07-12,26,8,52
OBS-12-2-2,1,HCP-000012,PRODUCT-000002,2026-07-19,30,10,60
OBS-12-2-3,1,HCP-000012,PRODUCT-000002,2026-07-26,33,11,66
OBS-12-2-4,1,HCP-000012,PRODUCT-000002,2026-08-02,28,9,56
OBS-12-2-5,1,HCP-000012,PRODUCT-000002,2026-08-09,2,0,4
OBS-12-2-6,1,HCP-000012,PRODUCT-000002,2026-08-16,10,3,20
OBS-12-2-7,1,HCP-000012,PRODUCT-000002,2026-08-23,3,1,6
OBS-12-2-8,1,HCP-000012,PRODUCT-000002,2026-08-30,7,2,14
OBS-12-2-9,1,HCP-000012,PRODUCT-000002,2026-09-06,29,9,58
OBS-12-3-0,1,HCP-000012,PRODUCT-000003,2026-07-05,37,12,74
OBS-12-3-1,1,HCP-000012,PRODUCT-000003,2026-07-12,17,5,34
OBS-12-3-2,1,HCP-000012,PRODUCT-000003,2026-07-19,25,8,50
OBS-12-3-3,1,HCP-000012,PRODUCT-000003,2026-07-26,32,10,64
OBS-12-3-4,1,HCP-000012,PRODUCT-000003,2026-08-02,6,2,12
OBS-12-3-5,1,HCP-000012,PRODUCT-000003,2026-08-09,33,11,66
OBS-12-3-6,1,HCP-000012,PRODUCT-000003,2026-08-16,26,8,52
OBS-12-3-7,1,HCP-000012,PRODUCT-000003,2026-08-23,16,5,32
OBS-12-3-8,1,HCP-000012,PRODUCT-000003,2026-08-30,31,10,62
OBS-12-3-9,1,HCP-000012,PRODUCT-000003,2026-09-06,38,12,76
OBS-12-4-0,1,HCP-000012,PRODUCT-000004,2026-07-05,19,6,38
OBS-12-4-1,1,HCP-000012,PRODUCT-000004,2026-07-12,4,1,8
OBS-12-4-2,1,HCP-000012,PRODUCT-000004,2026-07-19,23,7,46
OBS-12-4-3,1,HCP-000012,PRODUCT-000004,2026-07-26,3,1,6
OBS-12-4-4,1,HCP-000012,PRODUCT-000004,2026-08-02,32,10,64
OBS-12-4-5,1,HCP-000012,PRODUCT-000004,2026-08-09,4,1,8
OBS-12-4-6,1,HCP-000012,PRODUCT-000004,2026-08-16,18,6,36
OBS-12-4-7,1,HCP-000012,PRODUCT-000004,2026-08-23,8,2,16
OBS-12-4-8,1,HCP-000012,PRODUCT-000004,2026-08-30,12,4,24
OBS-12-4-9,1,HCP-000012,PRODUCT-000004,2026-09-06,12,4,24
OBS-13-1-0,1,HCP-000013,PRODUCT-000001,2026-07-05,28,9,56
OBS-13-1-1,1,HCP-000013,PRODUCT-000001,2026-07-12,15,5,30
OBS-13-1-2,1,HCP-000013,PRODUCT-000001,2026-07-19,2,0,4
OBS-13-1-3,1,HCP-000013,PRODUCT-000001,2026-07-26,34,11,68
OBS-13-1-4,1,HCP-000013,PRODUCT-000001,2026-08-02,16,5,32
OBS-13-1-5,1,HCP-000013,PRODUCT-000001,2026-08-09,31,10,62
OBS-13-1-6,1,HCP-000013,PRODUCT-000001,2026-08-16,21,7,42
OBS-13-1-7,1,HCP-000013,PRODUCT-000001,2026-08-23,15,5,30
OBS-13-1-8,1,HCP-000013,PRODUCT-000001,2026-08-30,26,8,52
OBS-13-1-9,1,HCP-000013,PRODUCT-000001,2026-09-06,16,5,32
OBS-13-2-0,1,HCP-000013,PRODUCT-000002,2026-07-05,24,8,48
OBS-13-2-1,1,HCP-000013,PRODUCT-000002,2026-07-12,34,11,68
OBS-13-2-2,1,HCP-000013,PRODUCT-000002,2026-07-19,31,10,62
OBS-13-2-3,1,HCP-000013,PRODUCT-000002,2026-07-26,4,1,8
OBS-13-2-4,1,HCP-000013,PRODUCT-000002,2026-08-02,9,3,18
OBS-13-2-5,1,HCP-000013,PRODUCT-000002,2026-08-09,10,3,20
OBS-13-2-6,1,HCP-000013,PRODUCT-000002,2026-08-16,12,4,24
OBS-13-2-7,1,HCP-000013,PRODUCT-000002,2026-08-23,26,8,52
OBS-13-2-8,1,HCP-000013,PRODUCT-000002,2026-08-30,22,7,44
OBS-13-2-9,1,HCP-000013,PRODUCT-000002,2026-09-06,24,8,48
OBS-13-3-0,1,HCP-000013,PRODUCT-000003,2026-07-05,35,11,70
OBS-13-3-1,1,HCP-000013,PRODUCT-000003,2026-07-12,39,13,78
OBS-13-3-2,1,HCP-000013,PRODUCT-000003,2026-07-19,22,7,44
OBS-13-3-3,1,HCP-000013,PRODUCT-000003,2026-07-26,39,13,78
OBS-13-3-4,1,HCP-000013,PRODUCT-000003,2026-08-02,2,0,4
OBS-13-3-5,1,HCP-000013,PRODUCT-000003,2026-08-09,33,11,66
OBS-13-3-6,1,HCP-000013,PRODUCT-000003,2026-08-16,23,7,46
OBS-13-3-7,1,HCP-000013,PRODUCT-000003,2026-08-23,9,3,18
OBS-13-3-8,1,HCP-000013,PRODUCT-000003,2026-08-30,7,2,14
OBS-13-3-9,1,HCP-000013,PRODUCT-000003,2026-09-06,22,7,44
OBS-13-4-0,1,HCP-000013,PRODUCT-000004,2026-07-05,34,11,68
OBS-13-4-1,1,HCP-000013,PRODUCT-000004,2026-07-12,34,11,68
OBS-13-4-2,1,HCP-000013,PRODUCT-000004,2026-07-19,37,12,74
OBS-13-4-3,1,HCP-000013,PRODUCT-000004,2026-07-26,30,10,60
OBS-13-4-4,1,HCP-000013,PRODUCT-000004,2026-08-02,37,12,74
OBS-13-4-5,1,HCP-000013,PRODUCT-000004,2026-08-09,17,5,34
OBS-13-4-6,1,HCP-000013,PRODUCT-000004,2026-08-16,2,0,4
OBS-13-4-7,1,HCP-000013,PRODUCT-000004,2026-08-23,5,1,10
OBS-13-4-8,1,HCP-000013,PRODUCT-000004,2026-08-30,10,3,20
OBS-13-4-9,1,HCP-000013,PRODUCT-000004,2026-09-06,5,1,10
OBS-14-1-0,1,HCP-000014,PRODUCT-000001,2026-07-05,32,10,64
OBS-14-1-1,1,HCP-000014,PRODUCT-000001,2026-07-12,35,11,70
OBS-14-1-2,1,HCP-000014,PRODUCT-000001,2026-07-19,18,6,36
OBS-14-1-3,1,HCP-000014,PRODUCT-000001,2026-07-26,37,12,74
OBS-14-1-4,1,HCP-000014,PRODUCT-000001,2026-08-02,12,4,24
OBS-14-1-5,1,HCP-000014,PRODUCT-000001,2026-08-09,5,1,10
OBS-14-1-6,1,HCP-000014,PRODUCT-000001,2026-08-16,16,5,32
OBS-14-1-7,1,HCP-000014,PRODUCT-000001,2026-08-23,36,12,72
OBS-14-1-8,1,HCP-000014,PRODUCT-000001,2026-08-30,25,8,50
OBS-14-1-9,1,HCP-000014,PRODUCT-000001,2026-09-06,21,7,42
OBS-14-2-0,1,HCP-000014,PRODUCT-000002,2026-07-05,27,9,54
OBS-14-2-1,1,HCP-000014,PRODUCT-000002,2026-07-12,38,12,76
OBS-14-2-2,1,HCP-000014,PRODUCT-000002,2026-07-19,26,8,52
OBS-14-2-3,1,HCP-000014,PRODUCT-000002,2026-07-26,23,7,46
OBS-14-2-4,1,HCP-000014,PRODUCT-000002,2026-08-02,6,2,12
OBS-14-2-5,1,HCP-000014,PRODUCT-000002,2026-08-09,7,2,14
OBS-14-2-6,1,HCP-000014,PRODUCT-000002,2026-08-16,25,8,50
OBS-14-2-7,1,HCP-000014,PRODUCT-000002,2026-08-23,25,8,50
OBS-14-2-8,1,HCP-000014,PRODUCT-000002,2026-08-30,18,6,36
OBS-14-2-9,1,HCP-000014,PRODUCT-000002,2026-09-06,9,3,18
OBS-14-3-0,1,HCP-000014,PRODUCT-000003,2026-07-05,39,13,78
OBS-14-3-1,1,HCP-000014,PRODUCT-000003,2026-07-12,28,9,56
OBS-14-3-2,1,HCP-000014,PRODUCT-000003,2026-07-19,31,10,62
OBS-14-3-3,1,HCP-000014,PRODUCT-000003,2026-07-26,17,5,34
OBS-14-3-4,1,HCP-000014,PRODUCT-000003,2026-08-02,8,2,16
OBS-14-3-5,1,HCP-000014,PRODUCT-000003,2026-08-09,33,11,66
OBS-14-3-6,1,HCP-000014,PRODUCT-000003,2026-08-16,36,12,72
OBS-14-3-7,1,HCP-000014,PRODUCT-000003,2026-08-23,9,3,18
OBS-14-3-8,1,HCP-000014,PRODUCT-000003,2026-08-30,38,12,76
OBS-14-3-9,1,HCP-000014,PRODUCT-000003,2026-09-06,34,11,68
OBS-14-4-0,1,HCP-000014,PRODUCT-000004,2026-07-05,23,7,46
OBS-14-4-1,1,HCP-000014,PRODUCT-000004,2026-07-12,34,11,68
OBS-14-4-2,1,HCP-000014,PRODUCT-000004,2026-07-19,15,5,30
OBS-14-4-3,1,HCP-000014,PRODUCT-000004,2026-07-26,12,4,24
OBS-14-4-4,1,HCP-000014,PRODUCT-000004,2026-08-02,11,3,22
OBS-14-4-5,1,HCP-000014,PRODUCT-000004,2026-08-09,33,11,66
OBS-14-4-6,1,HCP-000014,PRODUCT-000004,2026-08-16,1,0,2
OBS-14-4-7,1,HCP-000014,PRODUCT-000004,2026-08-23,35,11,70
OBS-14-4-8,1,HCP-000014,PRODUCT-000004,2026-08-30,22,7,44
OBS-14-4-9,1,HCP-000014,PRODUCT-000004,2026-09-06,39,13,78
OBS-15-1-0,1,HCP-000015,PRODUCT-000001,2026-07-05,39,13,78
OBS-15-1-1,1,HCP-000015,PRODUCT-000001,2026-07-12,36,12,72
OBS-15-1-2,1,HCP-000015,PRODUCT-000001,2026-07-19,34,11,68
OBS-15-1-3,1,HCP-000015,PRODUCT-000001,2026-07-26,35,11,70
OBS-15-1-4,1,HCP-000015,PRODUCT-000001,2026-08-02,7,2,14
OBS-15-1-5,1,HCP-000015,PRODUCT-000001,2026-08-09,22,7,44
OBS-15-1-6,1,HCP-000015,PRODUCT-000001,2026-08-16,4,1,8
OBS-15-1-7,1,HCP-000015,PRODUCT-000001,2026-08-23,28,9,56
OBS-15-1-8,1,HCP-000015,PRODUCT-000001,2026-08-30,33,11,66
OBS-15-1-9,1,HCP-000015,PRODUCT-000001,2026-09-06,33,11,66
OBS-15-2-0,1,HCP-000015,PRODUCT-000002,2026-07-05,35,11,70
OBS-15-2-1,1,HCP-000015,PRODUCT-000002,2026-07-12,23,7,46
OBS-15-2-2,1,HCP-000015,PRODUCT-000002,2026-07-19,2,0,4
OBS-15-2-3,1,HCP-000015,PRODUCT-000002,2026-07-26,30,10,60
OBS-15-2-4,1,HCP-000015,PRODUCT-000002,2026-08-02,29,9,58
OBS-15-2-5,1,HCP-000015,PRODUCT-000002,2026-08-09,30,10,60
OBS-15-2-6,1,HCP-000015,PRODUCT-000002,2026-08-16,21,7,42
OBS-15-2-7,1,HCP-000015,PRODUCT-000002,2026-08-23,6,2,12
OBS-15-2-8,1,HCP-000015,PRODUCT-000002,2026-08-30,14,4,28
OBS-15-2-9,1,HCP-000015,PRODUCT-000002,2026-09-06,13,4,26
OBS-15-3-0,1,HCP-000015,PRODUCT-000003,2026-07-05,6,2,12
OBS-15-3-1,1,HCP-000015,PRODUCT-000003,2026-07-12,36,12,72
OBS-15-3-2,1,HCP-000015,PRODUCT-000003,2026-07-19,36,12,72
OBS-15-3-3,1,HCP-000015,PRODUCT-000003,2026-07-26,9,3,18
OBS-15-3-4,1,HCP-000015,PRODUCT-000003,2026-08-02,37,12,74
OBS-15-3-5,1,HCP-000015,PRODUCT-000003,2026-08-09,33,11,66
OBS-15-3-6,1,HCP-000015,PRODUCT-000003,2026-08-16,37,12,74
OBS-15-3-7,1,HCP-000015,PRODUCT-000003,2026-08-23,32,10,64
OBS-15-3-8,1,HCP-000015,PRODUCT-000003,2026-08-30,34,11,68
OBS-15-3-9,1,HCP-000015,PRODUCT-000003,2026-09-06,32,10,64
OBS-15-4-0,1,HCP-000015,PRODUCT-000004,2026-07-05,25,8,50
OBS-15-4-1,1,HCP-000015,PRODUCT-000004,2026-07-12,16,5,32
OBS-15-4-2,1,HCP-000015,PRODUCT-000004,2026-07-19,12,4,24
OBS-15-4-3,1,HCP-000015,PRODUCT-000004,2026-07-26,20,6,40
OBS-15-4-4,1,HCP-000015,PRODUCT-000004,2026-08-02,16,5,32
OBS-15-4-5,1,HCP-000015,PRODUCT-000004,2026-08-09,25,8,50
OBS-15-4-6,1,HCP-000015,PRODUCT-000004,2026-08-16,3,1,6
OBS-15-4-7,1,HCP-000015,PRODUCT-000004,2026-08-23,34,11,68
OBS-15-4-8,1,HCP-000015,PRODUCT-000004,2026-08-30,16,5,32
OBS-15-4-9,1,HCP-000015,PRODUCT-000004,2026-09-06,1,0,2
OBS-16-1-0,1,HCP-000016,PRODUCT-000001,2026-07-05,34,11,68
OBS-16-1-1,1,HCP-000016,PRODUCT-000001,2026-07-12,11,3,22
OBS-16-1-2,1,HCP-000016,PRODUCT-000001,2026-07-19,31,10,62
OBS-16-1-3,1,HCP-000016,PRODUCT-000001,2026-07-26,39,13,78
OBS-16-1-4,1,HCP-000016,PRODUCT-000001,2026-08-02,18,6,36
OBS-16-1-5,1,HCP-000016,PRODUCT-000001,2026-08-09,18,6,36
OBS-16-1-6,1,HCP-000016,PRODUCT-000001,2026-08-16,14,4,28
OBS-16-1-7,1,HCP-000016,PRODUCT-000001,2026-08-23,25,8,50
OBS-16-1-8,1,HCP-000016,PRODUCT-000001,2026-08-30,19,6,38
OBS-16-1-9,1,HCP-000016,PRODUCT-000001,2026-09-06,27,9,54
OBS-16-2-0,1,HCP-000016,PRODUCT-000002,2026-07-05,20,6,40
OBS-16-2-1,1,HCP-000016,PRODUCT-000002,2026-07-12,36,12,72
OBS-16-2-2,1,HCP-000016,PRODUCT-000002,2026-07-19,37,12,74
OBS-16-2-3,1,HCP-000016,PRODUCT-000002,2026-07-26,18,6,36
OBS-16-2-4,1,HCP-000016,PRODUCT-000002,2026-08-02,9,3,18
OBS-16-2-5,1,HCP-000016,PRODUCT-000002,2026-08-09,12,4,24
OBS-16-2-6,1,HCP-000016,PRODUCT-000002,2026-08-16,2,0,4
OBS-16-2-7,1,HCP-000016,PRODUCT-000002,2026-08-23,36,12,72
OBS-16-2-8,1,HCP-000016,PRODUCT-000002,2026-08-30,31,10,62
OBS-16-2-9,1,HCP-000016,PRODUCT-000002,2026-09-06,30,10,60
OBS-16-3-0,1,HCP-000016,PRODUCT-000003,2026-07-05,3,1,6
OBS-16-3-1,1,HCP-000016,PRODUCT-000003,2026-07-12,25,8,50
OBS-16-3-2,1,HCP-000016,PRODUCT-000003,2026-07-19,22,7,44
OBS-16-3-3,1,HCP-000016,PRODUCT-000003,2026-07-26,2,0,4
OBS-16-3-4,1,HCP-000016,PRODUCT-000003,2026-08-02,11,3,22
OBS-16-3-5,1,HCP-000016,PRODUCT-000003,2026-08-09,21,7,42
OBS-16-3-6,1,HCP-000016,PRODUCT-000003,2026-08-16,10,3,20
OBS-16-3-7,1,HCP-000016,PRODUCT-000003,2026-08-23,6,2,12
OBS-16-3-8,1,HCP-000016,PRODUCT-000003,2026-08-30,3,1,6
OBS-16-3-9,1,HCP-000016,PRODUCT-000003,2026-09-06,35,11,70
OBS-16-4-0,1,HCP-000016,PRODUCT-000004,2026-07-05,27,9,54
OBS-16-4-1,1,HCP-000016,PRODUCT-000004,2026-07-12,3,1,6
OBS-16-4-2,1,HCP-000016,PRODUCT-000004,2026-07-19,27,9,54
OBS-16-4-3,1,HCP-000016,PRODUCT-000004,2026-07-26,25,8,50
OBS-16-4-4,1,HCP-000016,PRODUCT-000004,2026-08-02,22,7,44
OBS-16-4-5,1,HCP-000016,PRODUCT-000004,2026-08-09,33,11,66
OBS-16-4-6,1,HCP-000016,PRODUCT-000004,2026-08-16,16,5,32
OBS-16-4-7,1,HCP-000016,PRODUCT-000004,2026-08-23,28,9,56
OBS-16-4-8,1,HCP-000016,PRODUCT-000004,2026-08-30,21,7,42
OBS-16-4-9,1,HCP-000016,PRODUCT-000004,2026-09-06,12,4,24
OBS-17-1-0,1,HCP-000017,PRODUCT-000001,2026-07-05,7,2,14
OBS-17-1-1,1,HCP-000017,PRODUCT-000001,2026-07-12,1,0,2
OBS-17-1-2,1,HCP-000017,PRODUCT-000001,2026-07-19,6,2,12
OBS-17-1-3,1,HCP-000017,PRODUCT-000001,2026-07-26,38,12,76
OBS-17-1-4,1,HCP-000017,PRODUCT-000001,2026-08-02,12,4,24
OBS-17-1-5,1,HCP-000017,PRODUCT-000001,2026-08-09,28,9,56
OBS-17-1-6,1,HCP-000017,PRODUCT-000001,2026-08-16,11,3,22
OBS-17-1-7,1,HCP-000017,PRODUCT-000001,2026-08-23,22,7,44
OBS-17-1-8,1,HCP-000017,PRODUCT-000001,2026-08-30,35,11,70
OBS-17-1-9,1,HCP-000017,PRODUCT-000001,2026-09-06,7,2,14
OBS-17-2-0,1,HCP-000017,PRODUCT-000002,2026-07-05,25,8,50
OBS-17-2-1,1,HCP-000017,PRODUCT-000002,2026-07-12,9,3,18
OBS-17-2-2,1,HCP-000017,PRODUCT-000002,2026-07-19,25,8,50
OBS-17-2-3,1,HCP-000017,PRODUCT-000002,2026-07-26,34,11,68
OBS-17-2-4,1,HCP-000017,PRODUCT-000002,2026-08-02,24,8,48
OBS-17-2-5,1,HCP-000017,PRODUCT-000002,2026-08-09,15,5,30
OBS-17-2-6,1,HCP-000017,PRODUCT-000002,2026-08-16,25,8,50
OBS-17-2-7,1,HCP-000017,PRODUCT-000002,2026-08-23,6,2,12
OBS-17-2-8,1,HCP-000017,PRODUCT-000002,2026-08-30,37,12,74
OBS-17-2-9,1,HCP-000017,PRODUCT-000002,2026-09-06,33,11,66
OBS-17-3-0,1,HCP-000017,PRODUCT-000003,2026-07-05,16,5,32
OBS-17-3-1,1,HCP-000017,PRODUCT-000003,2026-07-12,13,4,26
OBS-17-3-2,1,HCP-000017,PRODUCT-000003,2026-07-19,36,12,72
OBS-17-3-3,1,HCP-000017,PRODUCT-000003,2026-07-26,2,0,4
OBS-17-3-4,1,HCP-000017,PRODUCT-000003,2026-08-02,28,9,56
OBS-17-3-5,1,HCP-000017,PRODUCT-000003,2026-08-09,9,3,18
OBS-17-3-6,1,HCP-000017,PRODUCT-000003,2026-08-16,32,10,64
OBS-17-3-7,1,HCP-000017,PRODUCT-000003,2026-08-23,11,3,22
OBS-17-3-8,1,HCP-000017,PRODUCT-000003,2026-08-30,20,6,40
OBS-17-3-9,1,HCP-000017,PRODUCT-000003,2026-09-06,35,11,70
OBS-17-4-0,1,HCP-000017,PRODUCT-000004,2026-07-05,11,3,22
OBS-17-4-1,1,HCP-000017,PRODUCT-000004,2026-07-12,25,8,50
OBS-17-4-2,1,HCP-000017,PRODUCT-000004,2026-07-19,23,7,46
OBS-17-4-3,1,HCP-000017,PRODUCT-000004,2026-07-26,26,8,52
OBS-17-4-4,1,HCP-000017,PRODUCT-000004,2026-08-02,25,8,50
OBS-17-4-5,1,HCP-000017,PRODUCT-000004,2026-08-09,2,0,4
OBS-17-4-6,1,HCP-000017,PRODUCT-000004,2026-08-16,18,6,36
OBS-17-4-7,1,HCP-000017,PRODUCT-000004,2026-08-23,11,3,22
OBS-17-4-8,1,HCP-000017,PRODUCT-000004,2026-08-30,7,2,14
OBS-17-4-9,1,HCP-000017,PRODUCT-000004,2026-09-06,23,7,46
OBS-18-1-0,1,HCP-000018,PRODUCT-000001,2026-07-05,8,2,16
OBS-18-1-1,1,HCP-000018,PRODUCT-000001,2026-07-12,35,11,70
OBS-18-1-2,1,HCP-000018,PRODUCT-000001,2026-07-19,10,3,20
OBS-18-1-3,1,HCP-000018,PRODUCT-000001,2026-07-26,19,6,38
OBS-18-1-4,1,HCP-000018,PRODUCT-000001,2026-08-02,12,4,24
OBS-18-1-5,1,HCP-000018,PRODUCT-000001,2026-08-09,2,0,4
OBS-18-1-6,1,HCP-000018,PRODUCT-000001,2026-08-16,9,3,18
OBS-18-1-7,1,HCP-000018,PRODUCT-000001,2026-08-23,37,12,74
OBS-18-1-8,1,HCP-000018,PRODUCT-000001,2026-08-30,10,3,20
OBS-18-1-9,1,HCP-000018,PRODUCT-000001,2026-09-06,22,7,44
OBS-18-2-0,1,HCP-000018,PRODUCT-000002,2026-07-05,39,13,78
OBS-18-2-1,1,HCP-000018,PRODUCT-000002,2026-07-12,16,5,32
OBS-18-2-2,1,HCP-000018,PRODUCT-000002,2026-07-19,4,1,8
OBS-18-2-3,1,HCP-000018,PRODUCT-000002,2026-07-26,2,0,4
OBS-18-2-4,1,HCP-000018,PRODUCT-000002,2026-08-02,32,10,64
OBS-18-2-5,1,HCP-000018,PRODUCT-000002,2026-08-09,16,5,32
OBS-18-2-6,1,HCP-000018,PRODUCT-000002,2026-08-16,11,3,22
OBS-18-2-7,1,HCP-000018,PRODUCT-000002,2026-08-23,24,8,48
OBS-18-2-8,1,HCP-000018,PRODUCT-000002,2026-08-30,25,8,50
OBS-18-2-9,1,HCP-000018,PRODUCT-000002,2026-09-06,18,6,36
OBS-18-3-0,1,HCP-000018,PRODUCT-000003,2026-07-05,19,6,38
OBS-18-3-1,1,HCP-000018,PRODUCT-000003,2026-07-12,11,3,22
OBS-18-3-2,1,HCP-000018,PRODUCT-000003,2026-07-19,35,11,70
OBS-18-3-3,1,HCP-000018,PRODUCT-000003,2026-07-26,35,11,70
OBS-18-3-4,1,HCP-000018,PRODUCT-000003,2026-08-02,24,8,48
OBS-18-3-5,1,HCP-000018,PRODUCT-000003,2026-08-09,12,4,24
OBS-18-3-6,1,HCP-000018,PRODUCT-000003,2026-08-16,5,1,10
OBS-18-3-7,1,HCP-000018,PRODUCT-000003,2026-08-23,7,2,14
OBS-18-3-8,1,HCP-000018,PRODUCT-000003,2026-08-30,17,5,34
OBS-18-3-9,1,HCP-000018,PRODUCT-000003,2026-09-06,10,3,20
OBS-18-4-0,1,HCP-000018,PRODUCT-000004,2026-07-05,29,9,58
OBS-18-4-1,1,HCP-000018,PRODUCT-000004,2026-07-12,1,0,2
OBS-18-4-2,1,HCP-000018,PRODUCT-000004,2026-07-19,35,11,70
OBS-18-4-3,1,HCP-000018,PRODUCT-000004,2026-07-26,34,11,68
OBS-18-4-4,1,HCP-000018,PRODUCT-000004,2026-08-02,1,0,2
OBS-18-4-5,1,HCP-000018,PRODUCT-000004,2026-08-09,9,3,18
OBS-18-4-6,1,HCP-000018,PRODUCT-000004,2026-08-16,19,6,38
OBS-18-4-7,1,HCP-000018,PRODUCT-000004,2026-08-23,31,10,62
OBS-18-4-8,1,HCP-000018,PRODUCT-000004,2026-08-30,6,2,12
OBS-18-4-9,1,HCP-000018,PRODUCT-000004,2026-09-06,33,11,66
OBS-19-1-0,1,HCP-000019,PRODUCT-000001,2026-07-05,19,6,38
OBS-19-1-1,1,HCP-000019,PRODUCT-000001,2026-07-12,12,4,24
OBS-19-1-2,1,HCP-000019,PRODUCT-000001,2026-07-19,17,5,34
OBS-19-1-3,1,HCP-000019,PRODUCT-000001,2026-07-26,12,4,24
OBS-19-1-4,1,HCP-000019,PRODUCT-000001,2026-08-02,9,3,18
OBS-19-1-5,1,HCP-000019,PRODUCT-000001,2026-08-09,25,8,50
OBS-19-1-6,1,HCP-000019,PRODUCT-000001,2026-08-16,3,1,6
OBS-19-1-7,1,HCP-000019,PRODUCT-000001,2026-08-23,39,13,78
OBS-19-1-8,1,HCP-000019,PRODUCT-000001,2026-08-30,10,3,20
OBS-19-1-9,1,HCP-000019,PRODUCT-000001,2026-09-06,33,11,66
OBS-19-2-0,1,HCP-000019,PRODUCT-000002,2026-07-05,11,3,22
OBS-19-2-1,1,HCP-000019,PRODUCT-000002,2026-07-12,28,9,56
OBS-19-2-2,1,HCP-000019,PRODUCT-000002,2026-07-19,18,6,36
OBS-19-2-3,1,HCP-000019,PRODUCT-000002,2026-07-26,39,13,78
OBS-19-2-4,1,HCP-000019,PRODUCT-000002,2026-08-02,37,12,74
OBS-19-2-5,1,HCP-000019,PRODUCT-000002,2026-08-09,23,7,46
OBS-19-2-6,1,HCP-000019,PRODUCT-000002,2026-08-16,29,9,58
OBS-19-2-7,1,HCP-000019,PRODUCT-000002,2026-08-23,21,7,42
OBS-19-2-8,1,HCP-000019,PRODUCT-000002,2026-08-30,1,0,2
OBS-19-2-9,1,HCP-000019,PRODUCT-000002,2026-09-06,1,0,2
OBS-19-3-0,1,HCP-000019,PRODUCT-000003,2026-07-05,39,13,78
OBS-19-3-1,1,HCP-000019,PRODUCT-000003,2026-07-12,25,8,50
OBS-19-3-2,1,HCP-000019,PRODUCT-000003,2026-07-19,21,7,42
OBS-19-3-3,1,HCP-000019,PRODUCT-000003,2026-07-26,4,1,8
OBS-19-3-4,1,HCP-000019,PRODUCT-000003,2026-08-02,19,6,38
OBS-19-3-5,1,HCP-000019,PRODUCT-000003,2026-08-09,36,12,72
OBS-19-3-6,1,HCP-000019,PRODUCT-000003,2026-08-16,25,8,50
OBS-19-3-7,1,HCP-000019,PRODUCT-000003,2026-08-23,11,3,22
OBS-19-3-8,1,HCP-000019,PRODUCT-000003,2026-08-30,15,5,30
OBS-19-3-9,1,HCP-000019,PRODUCT-000003,2026-09-06,33,11,66
OBS-19-4-0,1,HCP-000019,PRODUCT-000004,2026-07-05,27,9,54
OBS-19-4-1,1,HCP-000019,PRODUCT-000004,2026-07-12,21,7,42
OBS-19-4-2,1,HCP-000019,PRODUCT-000004,2026-07-19,12,4,24
OBS-19-4-3,1,HCP-000019,PRODUCT-000004,2026-07-26,11,3,22
OBS-19-4-4,1,HCP-000019,PRODUCT-000004,2026-08-02,23,7,46
OBS-19-4-5,1,HCP-000019,PRODUCT-000004,2026-08-09,14,4,28
OBS-19-4-6,1,HCP-000019,PRODUCT-000004,2026-08-16,14,4,28
OBS-19-4-7,1,HCP-000019,PRODUCT-000004,2026-08-23,35,11,70
OBS-19-4-8,1,HCP-000019,PRODUCT-000004,2026-08-30,21,7,42
OBS-19-4-9,1,HCP-000019,PRODUCT-000004,2026-09-06,14,4,28
OBS-20-1-0,1,HCP-000020,PRODUCT-000001,2026-07-05,14,4,28
OBS-20-1-1,1,HCP-000020,PRODUCT-000001,2026-07-12,5,1,10
OBS-20-1-2,1,HCP-000020,PRODUCT-000001,2026-07-19,7,2,14
OBS-20-1-3,1,HCP-000020,PRODUCT-000001,2026-07-26,12,4,24
OBS-20-1-4,1,HCP-000020,PRODUCT-000001,2026-08-02,15,5,30
OBS-20-1-5,1,HCP-000020,PRODUCT-000001,2026-08-09,16,5,32
OBS-20-1-6,1,HCP-000020,PRODUCT-000001,2026-08-16,6,2,12
OBS-20-1-7,1,HCP-000020,PRODUCT-000001,2026-08-23,26,8,52
OBS-20-1-8,1,HCP-000020,PRODUCT-000001,2026-08-30,26,8,52
OBS-20-1-9,1,HCP-000020,PRODUCT-000001,2026-09-06,34,11,68
OBS-20-2-0,1,HCP-000020,PRODUCT-000002,2026-07-05,16,5,32
OBS-20-2-1,1,HCP-000020,PRODUCT-000002,2026-07-12,13,4,26
OBS-20-2-2,1,HCP-000020,PRODUCT-000002,2026-07-19,29,9,58
OBS-20-2-3,1,HCP-000020,PRODUCT-000002,2026-07-26,27,9,54
OBS-20-2-4,1,HCP-000020,PRODUCT-000002,2026-08-02,17,5,34
OBS-20-2-5,1,HCP-000020,PRODUCT-000002,2026-08-09,39,13,78
OBS-20-2-6,1,HCP-000020,PRODUCT-000002,2026-08-16,10,3,20
OBS-20-2-7,1,HCP-000020,PRODUCT-000002,2026-08-23,23,7,46
OBS-20-2-8,1,HCP-000020,PRODUCT-000002,2026-08-30,3,1,6
OBS-20-2-9,1,HCP-000020,PRODUCT-000002,2026-09-06,33,11,66
OBS-20-3-0,1,HCP-000020,PRODUCT-000003,2026-07-05,26,8,52
OBS-20-3-1,1,HCP-000020,PRODUCT-000003,2026-07-12,17,5,34
OBS-20-3-2,1,HCP-000020,PRODUCT-000003,2026-07-19,33,11,66
OBS-20-3-3,1,HCP-000020,PRODUCT-000003,2026-07-26,3,1,6
OBS-20-3-4,1,HCP-000020,PRODUCT-000003,2026-08-02,1,0,2
OBS-20-3-5,1,HCP-000020,PRODUCT-000003,2026-08-09,19,6,38
OBS-20-3-6,1,HCP-000020,PRODUCT-000003,2026-08-16,27,9,54
OBS-20-3-7,1,HCP-000020,PRODUCT-000003,2026-08-23,19,6,38
OBS-20-3-8,1,HCP-000020,PRODUCT-000003,2026-08-30,6,2,12
OBS-20-3-9,1,HCP-000020,PRODUCT-000003,2026-09-06,11,3,22
OBS-20-4-0,1,HCP-000020,PRODUCT-000004,2026-07-05,7,2,14
OBS-20-4-1,1,HCP-000020,PRODUCT-000004,2026-07-12,33,11,66
OBS-20-4-2,1,HCP-000020,PRODUCT-000004,2026-07-19,4,1,8
OBS-20-4-3,1,HCP-000020,PRODUCT-000004,2026-07-26,25,8,50
OBS-20-4-4,1,HCP-000020,PRODUCT-000004,2026-08-02,17,5,34
OBS-20-4-5,1,HCP-000020,PRODUCT-000004,2026-08-09,4,1,8
OBS-20-4-6,1,HCP-000020,PRODUCT-000004,2026-08-16,3,1,6
OBS-20-4-7,1,HCP-000020,PRODUCT-000004,2026-08-23,19,6,38
OBS-20-4-8,1,HCP-000020,PRODUCT-000004,2026-08-30,13,4,26
OBS-20-4-9,1,HCP-000020,PRODUCT-000004,2026-09-06,10,3,20
OBS-21-1-0,1,HCP-000021,PRODUCT-000001,2026-07-05,17,5,34
OBS-21-1-1,1,HCP-000021,PRODUCT-000001,2026-07-12,38,12,76
OBS-21-1-2,1,HCP-000021,PRODUCT-000001,2026-07-19,18,6,36
OBS-21-1-3,1,HCP-000021,PRODUCT-000001,2026-07-26,35,11,70
OBS-21-1-4,1,HCP-000021,PRODUCT-000001,2026-08-02,12,4,24
OBS-21-1-5,1,HCP-000021,PRODUCT-000001,2026-08-09,25,8,50
OBS-21-1-6,1,HCP-000021,PRODUCT-000001,2026-08-16,19,6,38
OBS-21-1-7,1,HCP-000021,PRODUCT-000001,2026-08-23,12,4,24
OBS-21-1-8,1,HCP-000021,PRODUCT-000001,2026-08-30,4,1,8
OBS-21-1-9,1,HCP-000021,PRODUCT-000001,2026-09-06,11,3,22
OBS-21-2-0,1,HCP-000021,PRODUCT-000002,2026-07-05,7,2,14
OBS-21-2-1,1,HCP-000021,PRODUCT-000002,2026-07-12,13,4,26
OBS-21-2-2,1,HCP-000021,PRODUCT-000002,2026-07-19,24,8,48
OBS-21-2-3,1,HCP-000021,PRODUCT-000002,2026-07-26,36,12,72
OBS-21-2-4,1,HCP-000021,PRODUCT-000002,2026-08-02,23,7,46
OBS-21-2-5,1,HCP-000021,PRODUCT-000002,2026-08-09,29,9,58
OBS-21-2-6,1,HCP-000021,PRODUCT-000002,2026-08-16,33,11,66
OBS-21-2-7,1,HCP-000021,PRODUCT-000002,2026-08-23,3,1,6
OBS-21-2-8,1,HCP-000021,PRODUCT-000002,2026-08-30,19,6,38
OBS-21-2-9,1,HCP-000021,PRODUCT-000002,2026-09-06,17,5,34
OBS-21-3-0,1,HCP-000021,PRODUCT-000003,2026-07-05,21,7,42
OBS-21-3-1,1,HCP-000021,PRODUCT-000003,2026-07-12,7,2,14
OBS-21-3-2,1,HCP-000021,PRODUCT-000003,2026-07-19,34,11,68
OBS-21-3-3,1,HCP-000021,PRODUCT-000003,2026-07-26,4,1,8
OBS-21-3-4,1,HCP-000021,PRODUCT-000003,2026-08-02,12,4,24
OBS-21-3-5,1,HCP-000021,PRODUCT-000003,2026-08-09,19,6,38
OBS-21-3-6,1,HCP-000021,PRODUCT-000003,2026-08-16,29,9,58
OBS-21-3-7,1,HCP-000021,PRODUCT-000003,2026-08-23,11,3,22
OBS-21-3-8,1,HCP-000021,PRODUCT-000003,2026-08-30,39,13,78
OBS-21-3-9,1,HCP-000021,PRODUCT-000003,2026-09-06,7,2,14
OBS-21-4-0,1,HCP-000021,PRODUCT-000004,2026-07-05,37,12,74
OBS-21-4-1,1,HCP-000021,PRODUCT-000004,2026-07-12,18,6,36
OBS-21-4-2,1,HCP-000021,PRODUCT-000004,2026-07-19,14,4,28
OBS-21-4-3,1,HCP-000021,PRODUCT-000004,2026-07-26,23,7,46
OBS-21-4-4,1,HCP-000021,PRODUCT-000004,2026-08-02,14,4,28
OBS-21-4-5,1,HCP-000021,PRODUCT-000004,2026-08-09,26,8,52
OBS-21-4-6,1,HCP-000021,PRODUCT-000004,2026-08-16,36,12,72
OBS-21-4-7,1,HCP-000021,PRODUCT-000004,2026-08-23,31,10,62
OBS-21-4-8,1,HCP-000021,PRODUCT-000004,2026-08-30,28,9,56
OBS-21-4-9,1,HCP-000021,PRODUCT-000004,2026-09-06,14,4,28
OBS-22-1-0,1,HCP-000022,PRODUCT-000001,2026-07-05,29,9,58
OBS-22-1-1,1,HCP-000022,PRODUCT-000001,2026-07-12,20,6,40
OBS-22-1-2,1,HCP-000022,PRODUCT-000001,2026-07-19,38,12,76
OBS-22-1-3,1,HCP-000022,PRODUCT-000001,2026-07-26,7,2,14
OBS-22-1-4,1,HCP-000022,PRODUCT-000001,2026-08-02,13,4,26
OBS-22-1-5,1,HCP-000022,PRODUCT-000001,2026-08-09,25,8,50
OBS-22-1-6,1,HCP-000022,PRODUCT-000001,2026-08-16,30,10,60
OBS-22-1-7,1,HCP-000022,PRODUCT-000001,2026-08-23,17,5,34
OBS-22-1-8,1,HCP-000022,PRODUCT-000001,2026-08-30,3,1,6
OBS-22-1-9,1,HCP-000022,PRODUCT-000001,2026-09-06,3,1,6
OBS-22-2-0,1,HCP-000022,PRODUCT-000002,2026-07-05,26,8,52
OBS-22-2-1,1,HCP-000022,PRODUCT-000002,2026-07-12,21,7,42
OBS-22-2-2,1,HCP-000022,PRODUCT-000002,2026-07-19,10,3,20
OBS-22-2-3,1,HCP-000022,PRODUCT-000002,2026-07-26,23,7,46
OBS-22-2-4,1,HCP-000022,PRODUCT-000002,2026-08-02,20,6,40
OBS-22-2-5,1,HCP-000022,PRODUCT-000002,2026-08-09,18,6,36
OBS-22-2-6,1,HCP-000022,PRODUCT-000002,2026-08-16,17,5,34
OBS-22-2-7,1,HCP-000022,PRODUCT-000002,2026-08-23,38,12,76
OBS-22-2-8,1,HCP-000022,PRODUCT-000002,2026-08-30,22,7,44
OBS-22-2-9,1,HCP-000022,PRODUCT-000002,2026-09-06,22,7,44
OBS-22-3-0,1,HCP-000022,PRODUCT-000003,2026-07-05,39,13,78
OBS-22-3-1,1,HCP-000022,PRODUCT-000003,2026-07-12,24,8,48
OBS-22-3-2,1,HCP-000022,PRODUCT-000003,2026-07-19,38,12,76
OBS-22-3-3,1,HCP-000022,PRODUCT-000003,2026-07-26,9,3,18
OBS-22-3-4,1,HCP-000022,PRODUCT-000003,2026-08-02,30,10,60
OBS-22-3-5,1,HCP-000022,PRODUCT-000003,2026-08-09,7,2,14
OBS-22-3-6,1,HCP-000022,PRODUCT-000003,2026-08-16,26,8,52
OBS-22-3-7,1,HCP-000022,PRODUCT-000003,2026-08-23,39,13,78
OBS-22-3-8,1,HCP-000022,PRODUCT-000003,2026-08-30,10,3,20
OBS-22-3-9,1,HCP-000022,PRODUCT-000003,2026-09-06,28,9,56
OBS-22-4-0,1,HCP-000022,PRODUCT-000004,2026-07-05,12,4,24
OBS-22-4-1,1,HCP-000022,PRODUCT-000004,2026-07-12,19,6,38
OBS-22-4-2,1,HCP-000022,PRODUCT-000004,2026-07-19,16,5,32
OBS-22-4-3,1,HCP-000022,PRODUCT-000004,2026-07-26,7,2,14
OBS-22-4-4,1,HCP-000022,PRODUCT-000004,2026-08-02,22,7,44
OBS-22-4-5,1,HCP-000022,PRODUCT-000004,2026-08-09,13,4,26
OBS-22-4-6,1,HCP-000022,PRODUCT-000004,2026-08-16,29,9,58
OBS-22-4-7,1,HCP-000022,PRODUCT-000004,2026-08-23,16,5,32
OBS-22-4-8,1,HCP-000022,PRODUCT-000004,2026-08-30,32,10,64
OBS-22-4-9,1,HCP-000022,PRODUCT-000004,2026-09-06,27,9,54
OBS-23-1-0,1,HCP-000023,PRODUCT-000001,2026-07-05,15,5,30
OBS-23-1-1,1,HCP-000023,PRODUCT-000001,2026-07-12,24,8,48
OBS-23-1-2,1,HCP-000023,PRODUCT-000001,2026-07-19,28,9,56
OBS-23-1-3,1,HCP-000023,PRODUCT-000001,2026-07-26,12,4,24
OBS-23-1-4,1,HCP-000023,PRODUCT-000001,2026-08-02,19,6,38
OBS-23-1-5,1,HCP-000023,PRODUCT-000001,2026-08-09,27,9,54
OBS-23-1-6,1,HCP-000023,PRODUCT-000001,2026-08-16,36,12,72
OBS-23-1-7,1,HCP-000023,PRODUCT-000001,2026-08-23,24,8,48
OBS-23-1-8,1,HCP-000023,PRODUCT-000001,2026-08-30,23,7,46
OBS-23-1-9,1,HCP-000023,PRODUCT-000001,2026-09-06,36,12,72
OBS-23-2-0,1,HCP-000023,PRODUCT-000002,2026-07-05,19,6,38
OBS-23-2-1,1,HCP-000023,PRODUCT-000002,2026-07-12,2,0,4
OBS-23-2-2,1,HCP-000023,PRODUCT-000002,2026-07-19,28,9,56
OBS-23-2-3,1,HCP-000023,PRODUCT-000002,2026-07-26,17,5,34
OBS-23-2-4,1,HCP-000023,PRODUCT-000002,2026-08-02,34,11,68
OBS-23-2-5,1,HCP-000023,PRODUCT-000002,2026-08-09,18,6,36
OBS-23-2-6,1,HCP-000023,PRODUCT-000002,2026-08-16,33,11,66
OBS-23-2-7,1,HCP-000023,PRODUCT-000002,2026-08-23,3,1,6
OBS-23-2-8,1,HCP-000023,PRODUCT-000002,2026-08-30,18,6,36
OBS-23-2-9,1,HCP-000023,PRODUCT-000002,2026-09-06,33,11,66
OBS-23-3-0,1,HCP-000023,PRODUCT-000003,2026-07-05,1,0,2
OBS-23-3-1,1,HCP-000023,PRODUCT-000003,2026-07-12,1,0,2
OBS-23-3-2,1,HCP-000023,PRODUCT-000003,2026-07-19,7,2,14
OBS-23-3-3,1,HCP-000023,PRODUCT-000003,2026-07-26,10,3,20
OBS-23-3-4,1,HCP-000023,PRODUCT-000003,2026-08-02,27,9,54
OBS-23-3-5,1,HCP-000023,PRODUCT-000003,2026-08-09,22,7,44
OBS-23-3-6,1,HCP-000023,PRODUCT-000003,2026-08-16,15,5,30
OBS-23-3-7,1,HCP-000023,PRODUCT-000003,2026-08-23,31,10,62
OBS-23-3-8,1,HCP-000023,PRODUCT-000003,2026-08-30,7,2,14
OBS-23-3-9,1,HCP-000023,PRODUCT-000003,2026-09-06,7,2,14
OBS-23-4-0,1,HCP-000023,PRODUCT-000004,2026-07-05,25,8,50
OBS-23-4-1,1,HCP-000023,PRODUCT-000004,2026-07-12,6,2,12
OBS-23-4-2,1,HCP-000023,PRODUCT-000004,2026-07-19,19,6,38
OBS-23-4-3,1,HCP-000023,PRODUCT-000004,2026-07-26,32,10,64
OBS-23-4-4,1,HCP-000023,PRODUCT-000004,2026-08-02,16,5,32
OBS-23-4-5,1,HCP-000023,PRODUCT-000004,2026-08-09,22,7,44
OBS-23-4-6,1,HCP-000023,PRODUCT-000004,2026-08-16,31,10,62
OBS-23-4-7,1,HCP-000023,PRODUCT-000004,2026-08-23,13,4,26
OBS-23-4-8,1,HCP-000023,PRODUCT-000004,2026-08-30,13,4,26
OBS-23-4-9,1,HCP-000023,PRODUCT-000004,2026-09-06,28,9,56
OBS-24-1-0,1,HCP-000024,PRODUCT-000001,2026-07-05,7,2,14
OBS-24-1-1,1,HCP-000024,PRODUCT-000001,2026-07-12,17,5,34
OBS-24-1-2,1,HCP-000024,PRODUCT-000001,2026-07-19,23,7,46
OBS-24-1-3,1,HCP-000024,PRODUCT-000001,2026-07-26,2,0,4
OBS-24-1-4,1,HCP-000024,PRODUCT-000001,2026-08-02,27,9,54
OBS-24-1-5,1,HCP-000024,PRODUCT-000001,2026-08-09,24,8,48
OBS-24-1-6,1,HCP-000024,PRODUCT-000001,2026-08-16,22,7,44
OBS-24-1-7,1,HCP-000024,PRODUCT-000001,2026-08-23,2,0,4
OBS-24-1-8,1,HCP-000024,PRODUCT-000001,2026-08-30,19,6,38
OBS-24-1-9,1,HCP-000024,PRODUCT-000001,2026-09-06,17,5,34
OBS-24-2-0,1,HCP-000024,PRODUCT-000002,2026-07-05,34,11,68
OBS-24-2-1,1,HCP-000024,PRODUCT-000002,2026-07-12,25,8,50
OBS-24-2-2,1,HCP-000024,PRODUCT-000002,2026-07-19,8,2,16
OBS-24-2-3,1,HCP-000024,PRODUCT-000002,2026-07-26,9,3,18
OBS-24-2-4,1,HCP-000024,PRODUCT-000002,2026-08-02,4,1,8
OBS-24-2-5,1,HCP-000024,PRODUCT-000002,2026-08-09,18,6,36
OBS-24-2-6,1,HCP-000024,PRODUCT-000002,2026-08-16,4,1,8
OBS-24-2-7,1,HCP-000024,PRODUCT-000002,2026-08-23,18,6,36
OBS-24-2-8,1,HCP-000024,PRODUCT-000002,2026-08-30,39,13,78
OBS-24-2-9,1,HCP-000024,PRODUCT-000002,2026-09-06,29,9,58
OBS-24-3-0,1,HCP-000024,PRODUCT-000003,2026-07-05,34,11,68
OBS-24-3-1,1,HCP-000024,PRODUCT-000003,2026-07-12,1,0,2
OBS-24-3-2,1,HCP-000024,PRODUCT-000003,2026-07-19,28,9,56
OBS-24-3-3,1,HCP-000024,PRODUCT-000003,2026-07-26,14,4,28
OBS-24-3-4,1,HCP-000024,PRODUCT-000003,2026-08-02,11,3,22
OBS-24-3-5,1,HCP-000024,PRODUCT-000003,2026-08-09,34,11,68
OBS-24-3-6,1,HCP-000024,PRODUCT-000003,2026-08-16,4,1,8
OBS-24-3-7,1,HCP-000024,PRODUCT-000003,2026-08-23,19,6,38
OBS-24-3-8,1,HCP-000024,PRODUCT-000003,2026-08-30,31,10,62
OBS-24-3-9,1,HCP-000024,PRODUCT-000003,2026-09-06,37,12,74
OBS-24-4-0,1,HCP-000024,PRODUCT-000004,2026-07-05,4,1,8
OBS-24-4-1,1,HCP-000024,PRODUCT-000004,2026-07-12,3,1,6
OBS-24-4-2,1,HCP-000024,PRODUCT-000004,2026-07-19,16,5,32
OBS-24-4-3,1,HCP-000024,PRODUCT-000004,2026-07-26,17,5,34
OBS-24-4-4,1,HCP-000024,PRODUCT-000004,2026-08-02,13,4,26
OBS-24-4-5,1,HCP-000024,PRODUCT-000004,2026-08-09,15,5,30
OBS-24-4-6,1,HCP-000024,PRODUCT-000004,2026-08-16,11,3,22
OBS-24-4-7,1,HCP-000024,PRODUCT-000004,2026-08-23,26,8,52
OBS-24-4-8,1,HCP-000024,PRODUCT-000004,2026-08-30,23,7,46
OBS-24-4-9,1,HCP-000024,PRODUCT-000004,2026-09-06,16,5,32
OBS-25-1-0,1,HCP-000025,PRODUCT-000001,2026-07-05,8,2,16
OBS-25-1-1,1,HCP-000025,PRODUCT-000001,2026-07-12,12,4,24
OBS-25-1-2,1,HCP-000025,PRODUCT-000001,2026-07-19,39,13,78
OBS-25-1-3,1,HCP-000025,PRODUCT-000001,2026-07-26,35,11,70
OBS-25-1-4,1,HCP-000025,PRODUCT-000001,2026-08-02,36,12,72
OBS-25-1-5,1,HCP-000025,PRODUCT-000001,2026-08-09,12,4,24
OBS-25-1-6,1,HCP-000025,PRODUCT-000001,2026-08-16,32,10,64
OBS-25-1-7,1,HCP-000025,PRODUCT-000001,2026-08-23,28,9,56
OBS-25-1-8,1,HCP-000025,PRODUCT-000001,2026-08-30,13,4,26
OBS-25-1-9,1,HCP-000025,PRODUCT-000001,2026-09-06,33,11,66
OBS-25-2-0,1,HCP-000025,PRODUCT-000002,2026-07-05,28,9,56
OBS-25-2-1,1,HCP-000025,PRODUCT-000002,2026-07-12,37,12,74
OBS-25-2-2,1,HCP-000025,PRODUCT-000002,2026-07-19,27,9,54
OBS-25-2-3,1,HCP-000025,PRODUCT-000002,2026-07-26,30,10,60
OBS-25-2-4,1,HCP-000025,PRODUCT-000002,2026-08-02,6,2,12
OBS-25-2-5,1,HCP-000025,PRODUCT-000002,2026-08-09,11,3,22
OBS-25-2-6,1,HCP-000025,PRODUCT-000002,2026-08-16,30,10,60
OBS-25-2-7,1,HCP-000025,PRODUCT-000002,2026-08-23,4,1,8
OBS-25-2-8,1,HCP-000025,PRODUCT-000002,2026-08-30,8,2,16
OBS-25-2-9,1,HCP-000025,PRODUCT-000002,2026-09-06,7,2,14
OBS-25-3-0,1,HCP-000025,PRODUCT-000003,2026-07-05,27,9,54
OBS-25-3-1,1,HCP-000025,PRODUCT-000003,2026-07-12,16,5,32
OBS-25-3-2,1,HCP-000025,PRODUCT-000003,2026-07-19,15,5,30
OBS-25-3-3,1,HCP-000025,PRODUCT-000003,2026-07-26,2,0,4
OBS-25-3-4,1,HCP-000025,PRODUCT-000003,2026-08-02,4,1,8
OBS-25-3-5,1,HCP-000025,PRODUCT-000003,2026-08-09,39,13,78
OBS-25-3-6,1,HCP-000025,PRODUCT-000003,2026-08-16,21,7,42
OBS-25-3-7,1,HCP-000025,PRODUCT-000003,2026-08-23,2,0,4
OBS-25-3-8,1,HCP-000025,PRODUCT-000003,2026-08-30,27,9,54
OBS-25-3-9,1,HCP-000025,PRODUCT-000003,2026-09-06,22,7,44
OBS-25-4-0,1,HCP-000025,PRODUCT-000004,2026-07-05,20,6,40
OBS-25-4-1,1,HCP-000025,PRODUCT-000004,2026-07-12,22,7,44
OBS-25-4-2,1,HCP-000025,PRODUCT-000004,2026-07-19,34,11,68
OBS-25-4-3,1,HCP-000025,PRODUCT-000004,2026-07-26,23,7,46
OBS-25-4-4,1,HCP-000025,PRODUCT-000004,2026-08-02,36,12,72
OBS-25-4-5,1,HCP-000025,PRODUCT-000004,2026-08-09,13,4,26
OBS-25-4-6,1,HCP-000025,PRODUCT-000004,2026-08-16,6,2,12
OBS-25-4-7,1,HCP-000025,PRODUCT-000004,2026-08-23,36,12,72
OBS-25-4-8,1,HCP-000025,PRODUCT-000004,2026-08-30,32,10,64
OBS-25-4-9,1,HCP-000025,PRODUCT-000004,2026-09-06,39,13,78
OBS-26-1-0,1,HCP-000026,PRODUCT-000001,2026-07-05,19,6,38
OBS-26-1-1,1,HCP-000026,PRODUCT-000001,2026-07-12,22,7,44
OBS-26-1-2,1,HCP-000026,PRODUCT-000001,2026-07-19,6,2,12
OBS-26-1-3,1,HCP-000026,PRODUCT-000001,2026-07-26,21,7,42
OBS-26-1-4,1,HCP-000026,PRODUCT-000001,2026-08-02,39,13,78
OBS-26-1-5,1,HCP-000026,PRODUCT-000001,2026-08-09,12,4,24
OBS-26-1-6,1,HCP-000026,PRODUCT-000001,2026-08-16,2,0,4
OBS-26-1-7,1,HCP-000026,PRODUCT-000001,2026-08-23,15,5,30
OBS-26-1-8,1,HCP-000026,PRODUCT-000001,2026-08-30,25,8,50
OBS-26-1-9,1,HCP-000026,PRODUCT-000001,2026-09-06,31,10,62
OBS-26-2-0,1,HCP-000026,PRODUCT-000002,2026-07-05,13,4,26
OBS-26-2-1,1,HCP-000026,PRODUCT-000002,2026-07-12,34,11,68
OBS-26-2-2,1,HCP-000026,PRODUCT-000002,2026-07-19,3,1,6
OBS-26-2-3,1,HCP-000026,PRODUCT-000002,2026-07-26,28,9,56
OBS-26-2-4,1,HCP-000026,PRODUCT-000002,2026-08-02,26,8,52
OBS-26-2-5,1,HCP-000026,PRODUCT-000002,2026-08-09,13,4,26
OBS-26-2-6,1,HCP-000026,PRODUCT-000002,2026-08-16,8,2,16
OBS-26-2-7,1,HCP-000026,PRODUCT-000002,2026-08-23,28,9,56
OBS-26-2-8,1,HCP-000026,PRODUCT-000002,2026-08-30,29,9,58
OBS-26-2-9,1,HCP-000026,PRODUCT-000002,2026-09-06,27,9,54
OBS-26-3-0,1,HCP-000026,PRODUCT-000003,2026-07-05,38,12,76
OBS-26-3-1,1,HCP-000026,PRODUCT-000003,2026-07-12,9,3,18
OBS-26-3-2,1,HCP-000026,PRODUCT-000003,2026-07-19,11,3,22
OBS-26-3-3,1,HCP-000026,PRODUCT-000003,2026-07-26,20,6,40
OBS-26-3-4,1,HCP-000026,PRODUCT-000003,2026-08-02,21,7,42
OBS-26-3-5,1,HCP-000026,PRODUCT-000003,2026-08-09,3,1,6
OBS-26-3-6,1,HCP-000026,PRODUCT-000003,2026-08-16,17,5,34
OBS-26-3-7,1,HCP-000026,PRODUCT-000003,2026-08-23,3,1,6
OBS-26-3-8,1,HCP-000026,PRODUCT-000003,2026-08-30,31,10,62
OBS-26-3-9,1,HCP-000026,PRODUCT-000003,2026-09-06,30,10,60
OBS-26-4-0,1,HCP-000026,PRODUCT-000004,2026-07-05,32,10,64
OBS-26-4-1,1,HCP-000026,PRODUCT-000004,2026-07-12,8,2,16
OBS-26-4-2,1,HCP-000026,PRODUCT-000004,2026-07-19,32,10,64
OBS-26-4-3,1,HCP-000026,PRODUCT-000004,2026-07-26,8,2,16
OBS-26-4-4,1,HCP-000026,PRODUCT-000004,2026-08-02,24,8,48
OBS-26-4-5,1,HCP-000026,PRODUCT-000004,2026-08-09,4,1,8
OBS-26-4-6,1,HCP-000026,PRODUCT-000004,2026-08-16,31,10,62
OBS-26-4-7,1,HCP-000026,PRODUCT-000004,2026-08-23,33,11,66
OBS-26-4-8,1,HCP-000026,PRODUCT-000004,2026-08-30,31,10,62
OBS-26-4-9,1,HCP-000026,PRODUCT-000004,2026-09-06,13,4,26
OBS-27-1-0,1,HCP-000027,PRODUCT-000001,2026-07-05,19,6,38
OBS-27-1-1,1,HCP-000027,PRODUCT-000001,2026-07-12,19,6,38
OBS-27-1-2,1,HCP-000027,PRODUCT-000001,2026-07-19,33,11,66
OBS-27-1-3,1,HCP-000027,PRODUCT-000001,2026-07-26,18,6,36
OBS-27-1-4,1,HCP-000027,PRODUCT-000001,2026-08-02,2,0,4
OBS-27-1-5,1,HCP-000027,PRODUCT-000001,2026-08-09,11,3,22
OBS-27-1-6,1,HCP-000027,PRODUCT-000001,2026-08-16,8,2,16
OBS-27-1-7,1,HCP-000027,PRODUCT-000001,2026-08-23,8,2,16
OBS-27-1-8,1,HCP-000027,PRODUCT-000001,2026-08-30,37,12,74
OBS-27-1-9,1,HCP-000027,PRODUCT-000001,2026-09-06,12,4,24
OBS-27-2-0,1,HCP-000027,PRODUCT-000002,2026-07-05,33,11,66
OBS-27-2-1,1,HCP-000027,PRODUCT-000002,2026-07-12,36,12,72
OBS-27-2-2,1,HCP-000027,PRODUCT-000002,2026-07-19,38,12,76
OBS-27-2-3,1,HCP-000027,PRODUCT-000002,2026-07-26,6,2,12
OBS-27-2-4,1,HCP-000027,PRODUCT-000002,2026-08-02,25,8,50
OBS-27-2-5,1,HCP-000027,PRODUCT-000002,2026-08-09,15,5,30
OBS-27-2-6,1,HCP-000027,PRODUCT-000002,2026-08-16,5,1,10
OBS-27-2-7,1,HCP-000027,PRODUCT-000002,2026-08-23,26,8,52
OBS-27-2-8,1,HCP-000027,PRODUCT-000002,2026-08-30,13,4,26
OBS-27-2-9,1,HCP-000027,PRODUCT-000002,2026-09-06,36,12,72
OBS-27-3-0,1,HCP-000027,PRODUCT-000003,2026-07-05,25,8,50
OBS-27-3-1,1,HCP-000027,PRODUCT-000003,2026-07-12,23,7,46
OBS-27-3-2,1,HCP-000027,PRODUCT-000003,2026-07-19,12,4,24
OBS-27-3-3,1,HCP-000027,PRODUCT-000003,2026-07-26,7,2,14
OBS-27-3-4,1,HCP-000027,PRODUCT-000003,2026-08-02,25,8,50
OBS-27-3-5,1,HCP-000027,PRODUCT-000003,2026-08-09,18,6,36
OBS-27-3-6,1,HCP-000027,PRODUCT-000003,2026-08-16,11,3,22
OBS-27-3-7,1,HCP-000027,PRODUCT-000003,2026-08-23,2,0,4
OBS-27-3-8,1,HCP-000027,PRODUCT-000003,2026-08-30,12,4,24
OBS-27-3-9,1,HCP-000027,PRODUCT-000003,2026-09-06,6,2,12
OBS-27-4-0,1,HCP-000027,PRODUCT-000004,2026-07-05,16,5,32
OBS-27-4-1,1,HCP-000027,PRODUCT-000004,2026-07-12,35,11,70
OBS-27-4-2,1,HCP-000027,PRODUCT-000004,2026-07-19,13,4,26
OBS-27-4-3,1,HCP-000027,PRODUCT-000004,2026-07-26,11,3,22
OBS-27-4-4,1,HCP-000027,PRODUCT-000004,2026-08-02,20,6,40
OBS-27-4-5,1,HCP-000027,PRODUCT-000004,2026-08-09,2,0,4
OBS-27-4-6,1,HCP-000027,PRODUCT-000004,2026-08-16,32,10,64
OBS-27-4-7,1,HCP-000027,PRODUCT-000004,2026-08-23,14,4,28
OBS-27-4-8,1,HCP-000027,PRODUCT-000004,2026-08-30,16,5,32
OBS-27-4-9,1,HCP-000027,PRODUCT-000004,2026-09-06,8,2,16
OBS-28-1-0,1,HCP-000028,PRODUCT-000001,2026-07-05,19,6,38
OBS-28-1-1,1,HCP-000028,PRODUCT-000001,2026-07-12,21,7,42
OBS-28-1-2,1,HCP-000028,PRODUCT-000001,2026-07-19,25,8,50
OBS-28-1-3,1,HCP-000028,PRODUCT-000001,2026-07-26,36,12,72
OBS-28-1-4,1,HCP-000028,PRODUCT-000001,2026-08-02,3,1,6
OBS-28-1-5,1,HCP-000028,PRODUCT-000001,2026-08-09,6,2,12
OBS-28-1-6,1,HCP-000028,PRODUCT-000001,2026-08-16,16,5,32
OBS-28-1-7,1,HCP-000028,PRODUCT-000001,2026-08-23,1,0,2
OBS-28-1-8,1,HCP-000028,PRODUCT-000001,2026-08-30,2,0,4
OBS-28-1-9,1,HCP-000028,PRODUCT-000001,2026-09-06,37,12,74
OBS-28-2-0,1,HCP-000028,PRODUCT-000002,2026-07-05,21,7,42
OBS-28-2-1,1,HCP-000028,PRODUCT-000002,2026-07-12,12,4,24
OBS-28-2-2,1,HCP-000028,PRODUCT-000002,2026-07-19,20,6,40
OBS-28-2-3,1,HCP-000028,PRODUCT-000002,2026-07-26,16,5,32
OBS-28-2-4,1,HCP-000028,PRODUCT-000002,2026-08-02,3,1,6
OBS-28-2-5,1,HCP-000028,PRODUCT-000002,2026-08-09,30,10,60
OBS-28-2-6,1,HCP-000028,PRODUCT-000002,2026-08-16,17,5,34
OBS-28-2-7,1,HCP-000028,PRODUCT-000002,2026-08-23,36,12,72
OBS-28-2-8,1,HCP-000028,PRODUCT-000002,2026-08-30,11,3,22
OBS-28-2-9,1,HCP-000028,PRODUCT-000002,2026-09-06,13,4,26
OBS-28-3-0,1,HCP-000028,PRODUCT-000003,2026-07-05,32,10,64
OBS-28-3-1,1,HCP-000028,PRODUCT-000003,2026-07-12,15,5,30
OBS-28-3-2,1,HCP-000028,PRODUCT-000003,2026-07-19,27,9,54
OBS-28-3-3,1,HCP-000028,PRODUCT-000003,2026-07-26,37,12,74
OBS-28-3-4,1,HCP-000028,PRODUCT-000003,2026-08-02,5,1,10
OBS-28-3-5,1,HCP-000028,PRODUCT-000003,2026-08-09,14,4,28
OBS-28-3-6,1,HCP-000028,PRODUCT-000003,2026-08-16,38,12,76
OBS-28-3-7,1,HCP-000028,PRODUCT-000003,2026-08-23,2,0,4
OBS-28-3-8,1,HCP-000028,PRODUCT-000003,2026-08-30,30,10,60
OBS-28-3-9,1,HCP-000028,PRODUCT-000003,2026-09-06,6,2,12
OBS-28-4-0,1,HCP-000028,PRODUCT-000004,2026-07-05,13,4,26
OBS-28-4-1,1,HCP-000028,PRODUCT-000004,2026-07-12,2,0,4
OBS-28-4-2,1,HCP-000028,PRODUCT-000004,2026-07-19,33,11,66
OBS-28-4-3,1,HCP-000028,PRODUCT-000004,2026-07-26,5,1,10
OBS-28-4-4,1,HCP-000028,PRODUCT-000004,2026-08-02,18,6,36
OBS-28-4-5,1,HCP-000028,PRODUCT-000004,2026-08-09,25,8,50
OBS-28-4-6,1,HCP-000028,PRODUCT-000004,2026-08-16,26,8,52
OBS-28-4-7,1,HCP-000028,PRODUCT-000004,2026-08-23,21,7,42
OBS-28-4-8,1,HCP-000028,PRODUCT-000004,2026-08-30,13,4,26
OBS-28-4-9,1,HCP-000028,PRODUCT-000004,2026-09-06,17,5,34
OBS-29-1-0,1,HCP-000029,PRODUCT-000001,2026-07-05,25,8,50
OBS-29-1-1,1,HCP-000029,PRODUCT-000001,2026-07-12,39,13,78
OBS-29-1-2,1,HCP-000029,PRODUCT-000001,2026-07-19,26,8,52
OBS-29-1-3,1,HCP-000029,PRODUCT-000001,2026-07-26,14,4,28
OBS-29-1-4,1,HCP-000029,PRODUCT-000001,2026-08-02,5,1,10
OBS-29-1-5,1,HCP-000029,PRODUCT-000001,2026-08-09,26,8,52
OBS-29-1-6,1,HCP-000029,PRODUCT-000001,2026-08-16,35,11,70
OBS-29-1-7,1,HCP-000029,PRODUCT-000001,2026-08-23,38,12,76
OBS-29-1-8,1,HCP-000029,PRODUCT-000001,2026-08-30,14,4,28
OBS-29-1-9,1,HCP-000029,PRODUCT-000001,2026-09-06,3,1,6
OBS-29-2-0,1,HCP-000029,PRODUCT-000002,2026-07-05,17,5,34
OBS-29-2-1,1,HCP-000029,PRODUCT-000002,2026-07-12,18,6,36
OBS-29-2-2,1,HCP-000029,PRODUCT-000002,2026-07-19,2,0,4
OBS-29-2-3,1,HCP-000029,PRODUCT-000002,2026-07-26,26,8,52
OBS-29-2-4,1,HCP-000029,PRODUCT-000002,2026-08-02,36,12,72
OBS-29-2-5,1,HCP-000029,PRODUCT-000002,2026-08-09,26,8,52
OBS-29-2-6,1,HCP-000029,PRODUCT-000002,2026-08-16,8,2,16
OBS-29-2-7,1,HCP-000029,PRODUCT-000002,2026-08-23,26,8,52
OBS-29-2-8,1,HCP-000029,PRODUCT-000002,2026-08-30,22,7,44
OBS-29-2-9,1,HCP-000029,PRODUCT-000002,2026-09-06,1,0,2
OBS-29-3-0,1,HCP-000029,PRODUCT-000003,2026-07-05,39,13,78
OBS-29-3-1,1,HCP-000029,PRODUCT-000003,2026-07-12,22,7,44
OBS-29-3-2,1,HCP-000029,PRODUCT-000003,2026-07-19,28,9,56
OBS-29-3-3,1,HCP-000029,PRODUCT-000003,2026-07-26,10,3,20
OBS-29-3-4,1,HCP-000029,PRODUCT-000003,2026-08-02,2,0,4
OBS-29-3-5,1,HCP-000029,PRODUCT-000003,2026-08-09,9,3,18
OBS-29-3-6,1,HCP-000029,PRODUCT-000003,2026-08-16,28,9,56
OBS-29-3-7,1,HCP-000029,PRODUCT-000003,2026-08-23,31,10,62
OBS-29-3-8,1,HCP-000029,PRODUCT-000003,2026-08-30,28,9,56
OBS-29-3-9,1,HCP-000029,PRODUCT-000003,2026-09-06,19,6,38
OBS-29-4-0,1,HCP-000029,PRODUCT-000004,2026-07-05,6,2,12
OBS-29-4-1,1,HCP-000029,PRODUCT-000004,2026-07-12,11,3,22
OBS-29-4-2,1,HCP-000029,PRODUCT-000004,2026-07-19,19,6,38
OBS-29-4-3,1,HCP-000029,PRODUCT-000004,2026-07-26,39,13,78
OBS-29-4-4,1,HCP-000029,PRODUCT-000004,2026-08-02,13,4,26
OBS-29-4-5,1,HCP-000029,PRODUCT-000004,2026-08-09,35,11,70
OBS-29-4-6,1,HCP-000029,PRODUCT-000004,2026-08-16,18,6,36
OBS-29-4-7,1,HCP-000029,PRODUCT-000004,2026-08-23,7,2,14
OBS-29-4-8,1,HCP-000029,PRODUCT-000004,2026-08-30,24,8,48
OBS-29-4-9,1,HCP-000029,PRODUCT-000004,2026-09-06,35,11,70
OBS-30-1-0,1,HCP-000030,PRODUCT-000001,2026-07-05,12,4,24
OBS-30-1-1,1,HCP-000030,PRODUCT-000001,2026-07-12,38,12,76
OBS-30-1-2,1,HCP-000030,PRODUCT-000001,2026-07-19,1,0,2
OBS-30-1-3,1,HCP-000030,PRODUCT-000001,2026-07-26,23,7,46
OBS-30-1-4,1,HCP-000030,PRODUCT-000001,2026-08-02,13,4,26
OBS-30-1-5,1,HCP-000030,PRODUCT-000001,2026-08-09,4,1,8
OBS-30-1-6,1,HCP-000030,PRODUCT-000001,2026-08-16,7,2,14
OBS-30-1-7,1,HCP-000030,PRODUCT-000001,2026-08-23,19,6,38
OBS-30-1-8,1,HCP-000030,PRODUCT-000001,2026-08-30,32,10,64
OBS-30-1-9,1,HCP-000030,PRODUCT-000001,2026-09-06,29,9,58
OBS-30-2-0,1,HCP-000030,PRODUCT-000002,2026-07-05,36,12,72
OBS-30-2-1,1,HCP-000030,PRODUCT-000002,2026-07-12,27,9,54
OBS-30-2-2,1,HCP-000030,PRODUCT-000002,2026-07-19,39,13,78
OBS-30-2-3,1,HCP-000030,PRODUCT-000002,2026-07-26,6,2,12
OBS-30-2-4,1,HCP-000030,PRODUCT-000002,2026-08-02,24,8,48
OBS-30-2-5,1,HCP-000030,PRODUCT-000002,2026-08-09,11,3,22
OBS-30-2-6,1,HCP-000030,PRODUCT-000002,2026-08-16,37,12,74
OBS-30-2-7,1,HCP-000030,PRODUCT-000002,2026-08-23,13,4,26
OBS-30-2-8,1,HCP-000030,PRODUCT-000002,2026-08-30,35,11,70
OBS-30-2-9,1,HCP-000030,PRODUCT-000002,2026-09-06,30,10,60
OBS-30-3-0,1,HCP-000030,PRODUCT-000003,2026-07-05,27,9,54
OBS-30-3-1,1,HCP-000030,PRODUCT-000003,2026-07-12,35,11,70
OBS-30-3-2,1,HCP-000030,PRODUCT-000003,2026-07-19,11,3,22
OBS-30-3-3,1,HCP-000030,PRODUCT-000003,2026-07-26,5,1,10
OBS-30-3-4,1,HCP-000030,PRODUCT-000003,2026-08-02,3,1,6
OBS-30-3-5,1,HCP-000030,PRODUCT-000003,2026-08-09,34,11,68
OBS-30-3-6,1,HCP-000030,PRODUCT-000003,2026-08-16,9,3,18
OBS-30-3-7,1,HCP-000030,PRODUCT-000003,2026-08-23,5,1,10
OBS-30-3-8,1,HCP-000030,PRODUCT-000003,2026-08-30,29,9,58
OBS-30-3-9,1,HCP-000030,PRODUCT-000003,2026-09-06,19,6,38
OBS-30-4-0,1,HCP-000030,PRODUCT-000004,2026-07-05,3,1,6
OBS-30-4-1,1,HCP-000030,PRODUCT-000004,2026-07-12,23,7,46
OBS-30-4-2,1,HCP-000030,PRODUCT-000004,2026-07-19,8,2,16
OBS-30-4-3,1,HCP-000030,PRODUCT-000004,2026-07-26,24,8,48
OBS-30-4-4,1,HCP-000030,PRODUCT-000004,2026-08-02,15,5,30
OBS-30-4-5,1,HCP-000030,PRODUCT-000004,2026-08-09,24,8,48
OBS-30-4-6,1,HCP-000030,PRODUCT-000004,2026-08-16,5,1,10
OBS-30-4-7,1,HCP-000030,PRODUCT-000004,2026-08-23,29,9,58
OBS-30-4-8,1,HCP-000030,PRODUCT-000004,2026-08-30,2,0,4
OBS-30-4-9,1,HCP-000030,PRODUCT-000004,2026-09-06,31,10,62
OBS-31-1-0,1,HCP-000031,PRODUCT-000001,2026-07-05,6,2,12
OBS-31-1-1,1,HCP-000031,PRODUCT-000001,2026-07-12,9,3,18
OBS-31-1-2,1,HCP-000031,PRODUCT-000001,2026-07-19,20,6,40
OBS-31-1-3,1,HCP-000031,PRODUCT-000001,2026-07-26,27,9,54
OBS-31-1-4,1,HCP-000031,PRODUCT-000001,2026-08-02,9,3,18
OBS-31-1-5,1,HCP-000031,PRODUCT-000001,2026-08-09,36,12,72
OBS-31-1-6,1,HCP-000031,PRODUCT-000001,2026-08-16,14,4,28
OBS-31-1-7,1,HCP-000031,PRODUCT-000001,2026-08-23,8,2,16
OBS-31-1-8,1,HCP-000031,PRODUCT-000001,2026-08-30,6,2,12
OBS-31-1-9,1,HCP-000031,PRODUCT-000001,2026-09-06,36,12,72
OBS-31-2-0,1,HCP-000031,PRODUCT-000002,2026-07-05,39,13,78
OBS-31-2-1,1,HCP-000031,PRODUCT-000002,2026-07-12,24,8,48
OBS-31-2-2,1,HCP-000031,PRODUCT-000002,2026-07-19,32,10,64
OBS-31-2-3,1,HCP-000031,PRODUCT-000002,2026-07-26,20,6,40
OBS-31-2-4,1,HCP-000031,PRODUCT-000002,2026-08-02,33,11,66
OBS-31-2-5,1,HCP-000031,PRODUCT-000002,2026-08-09,18,6,36
OBS-31-2-6,1,HCP-000031,PRODUCT-000002,2026-08-16,30,10,60
OBS-31-2-7,1,HCP-000031,PRODUCT-000002,2026-08-23,26,8,52
OBS-31-2-8,1,HCP-000031,PRODUCT-000002,2026-08-30,33,11,66
OBS-31-2-9,1,HCP-000031,PRODUCT-000002,2026-09-06,6,2,12
OBS-31-3-0,1,HCP-000031,PRODUCT-000003,2026-07-05,25,8,50
OBS-31-3-1,1,HCP-000031,PRODUCT-000003,2026-07-12,22,7,44
OBS-31-3-2,1,HCP-000031,PRODUCT-000003,2026-07-19,15,5,30
OBS-31-3-3,1,HCP-000031,PRODUCT-000003,2026-07-26,9,3,18
OBS-31-3-4,1,HCP-000031,PRODUCT-000003,2026-08-02,20,6,40
OBS-31-3-5,1,HCP-000031,PRODUCT-000003,2026-08-09,22,7,44
OBS-31-3-6,1,HCP-000031,PRODUCT-000003,2026-08-16,31,10,62
OBS-31-3-7,1,HCP-000031,PRODUCT-000003,2026-08-23,3,1,6
OBS-31-3-8,1,HCP-000031,PRODUCT-000003,2026-08-30,7,2,14
OBS-31-3-9,1,HCP-000031,PRODUCT-000003,2026-09-06,21,7,42
OBS-31-4-0,1,HCP-000031,PRODUCT-000004,2026-07-05,35,11,70
OBS-31-4-1,1,HCP-000031,PRODUCT-000004,2026-07-12,8,2,16
OBS-31-4-2,1,HCP-000031,PRODUCT-000004,2026-07-19,31,10,62
OBS-31-4-3,1,HCP-000031,PRODUCT-000004,2026-07-26,20,6,40
OBS-31-4-4,1,HCP-000031,PRODUCT-000004,2026-08-02,17,5,34
OBS-31-4-5,1,HCP-000031,PRODUCT-000004,2026-08-09,23,7,46
OBS-31-4-6,1,HCP-000031,PRODUCT-000004,2026-08-16,6,2,12
OBS-31-4-7,1,HCP-000031,PRODUCT-000004,2026-08-23,21,7,42
OBS-31-4-8,1,HCP-000031,PRODUCT-000004,2026-08-30,31,10,62
OBS-31-4-9,1,HCP-000031,PRODUCT-000004,2026-09-06,35,11,70
OBS-32-1-0,1,HCP-000032,PRODUCT-000001,2026-07-05,10,3,20
OBS-32-1-1,1,HCP-000032,PRODUCT-000001,2026-07-12,23,7,46
OBS-32-1-2,1,HCP-000032,PRODUCT-000001,2026-07-19,38,12,76
OBS-32-1-3,1,HCP-000032,PRODUCT-000001,2026-07-26,29,9,58
OBS-32-1-4,1,HCP-000032,PRODUCT-000001,2026-08-02,36,12,72
OBS-32-1-5,1,HCP-000032,PRODUCT-000001,2026-08-09,7,2,14
OBS-32-1-6,1,HCP-000032,PRODUCT-000001,2026-08-16,9,3,18
OBS-32-1-7,1,HCP-000032,PRODUCT-000001,2026-08-23,2,0,4
OBS-32-1-8,1,HCP-000032,PRODUCT-000001,2026-08-30,34,11,68
OBS-32-1-9,1,HCP-000032,PRODUCT-000001,2026-09-06,16,5,32
OBS-32-2-0,1,HCP-000032,PRODUCT-000002,2026-07-05,14,4,28
OBS-32-2-1,1,HCP-000032,PRODUCT-000002,2026-07-12,29,9,58
OBS-32-2-2,1,HCP-000032,PRODUCT-000002,2026-07-19,11,3,22
OBS-32-2-3,1,HCP-000032,PRODUCT-000002,2026-07-26,35,11,70
OBS-32-2-4,1,HCP-000032,PRODUCT-000002,2026-08-02,16,5,32
OBS-32-2-5,1,HCP-000032,PRODUCT-000002,2026-08-09,23,7,46
OBS-32-2-6,1,HCP-000032,PRODUCT-000002,2026-08-16,26,8,52
OBS-32-2-7,1,HCP-000032,PRODUCT-000002,2026-08-23,4,1,8
OBS-32-2-8,1,HCP-000032,PRODUCT-000002,2026-08-30,37,12,74
OBS-32-2-9,1,HCP-000032,PRODUCT-000002,2026-09-06,38,12,76
OBS-32-3-0,1,HCP-000032,PRODUCT-000003,2026-07-05,22,7,44
OBS-32-3-1,1,HCP-000032,PRODUCT-000003,2026-07-12,14,4,28
OBS-32-3-2,1,HCP-000032,PRODUCT-000003,2026-07-19,36,12,72
OBS-32-3-3,1,HCP-000032,PRODUCT-000003,2026-07-26,14,4,28
OBS-32-3-4,1,HCP-000032,PRODUCT-000003,2026-08-02,4,1,8
OBS-32-3-5,1,HCP-000032,PRODUCT-000003,2026-08-09,39,13,78
OBS-32-3-6,1,HCP-000032,PRODUCT-000003,2026-08-16,20,6,40
OBS-32-3-7,1,HCP-000032,PRODUCT-000003,2026-08-23,5,1,10
OBS-32-3-8,1,HCP-000032,PRODUCT-000003,2026-08-30,29,9,58
OBS-32-3-9,1,HCP-000032,PRODUCT-000003,2026-09-06,12,4,24
OBS-32-4-0,1,HCP-000032,PRODUCT-000004,2026-07-05,24,8,48
OBS-32-4-1,1,HCP-000032,PRODUCT-000004,2026-07-12,28,9,56
OBS-32-4-2,1,HCP-000032,PRODUCT-000004,2026-07-19,2,0,4
OBS-32-4-3,1,HCP-000032,PRODUCT-000004,2026-07-26,25,8,50
OBS-32-4-4,1,HCP-000032,PRODUCT-000004,2026-08-02,5,1,10
OBS-32-4-5,1,HCP-000032,PRODUCT-000004,2026-08-09,10,3,20
OBS-32-4-6,1,HCP-000032,PRODUCT-000004,2026-08-16,9,3,18
OBS-32-4-7,1,HCP-000032,PRODUCT-000004,2026-08-23,5,1,10
OBS-32-4-8,1,HCP-000032,PRODUCT-000004,2026-08-30,23,7,46
OBS-32-4-9,1,HCP-000032,PRODUCT-000004,2026-09-06,35,11,70
OBS-33-1-0,1,HCP-000033,PRODUCT-000001,2026-07-05,37,12,74
OBS-33-1-1,1,HCP-000033,PRODUCT-000001,2026-07-12,37,12,74
OBS-33-1-2,1,HCP-000033,PRODUCT-000001,2026-07-19,22,7,44
OBS-33-1-3,1,HCP-000033,PRODUCT-000001,2026-07-26,13,4,26
OBS-33-1-4,1,HCP-000033,PRODUCT-000001,2026-08-02,10,3,20
OBS-33-1-5,1,HCP-000033,PRODUCT-000001,2026-08-09,37,12,74
OBS-33-1-6,1,HCP-000033,PRODUCT-000001,2026-08-16,36,12,72
OBS-33-1-7,1,HCP-000033,PRODUCT-000001,2026-08-23,38,12,76
OBS-33-1-8,1,HCP-000033,PRODUCT-000001,2026-08-30,20,6,40
OBS-33-1-9,1,HCP-000033,PRODUCT-000001,2026-09-06,11,3,22
OBS-33-2-0,1,HCP-000033,PRODUCT-000002,2026-07-05,39,13,78
OBS-33-2-1,1,HCP-000033,PRODUCT-000002,2026-07-12,11,3,22
OBS-33-2-2,1,HCP-000033,PRODUCT-000002,2026-07-19,22,7,44
OBS-33-2-3,1,HCP-000033,PRODUCT-000002,2026-07-26,29,9,58
OBS-33-2-4,1,HCP-000033,PRODUCT-000002,2026-08-02,3,1,6
OBS-33-2-5,1,HCP-000033,PRODUCT-000002,2026-08-09,14,4,28
OBS-33-2-6,1,HCP-000033,PRODUCT-000002,2026-08-16,32,10,64
OBS-33-2-7,1,HCP-000033,PRODUCT-000002,2026-08-23,2,0,4
OBS-33-2-8,1,HCP-000033,PRODUCT-000002,2026-08-30,39,13,78
OBS-33-2-9,1,HCP-000033,PRODUCT-000002,2026-09-06,15,5,30
OBS-33-3-0,1,HCP-000033,PRODUCT-000003,2026-07-05,14,4,28
OBS-33-3-1,1,HCP-000033,PRODUCT-000003,2026-07-12,35,11,70
OBS-33-3-2,1,HCP-000033,PRODUCT-000003,2026-07-19,19,6,38
OBS-33-3-3,1,HCP-000033,PRODUCT-000003,2026-07-26,25,8,50
OBS-33-3-4,1,HCP-000033,PRODUCT-000003,2026-08-02,32,10,64
OBS-33-3-5,1,HCP-000033,PRODUCT-000003,2026-08-09,10,3,20
OBS-33-3-6,1,HCP-000033,PRODUCT-000003,2026-08-16,38,12,76
OBS-33-3-7,1,HCP-000033,PRODUCT-000003,2026-08-23,12,4,24
OBS-33-3-8,1,HCP-000033,PRODUCT-000003,2026-08-30,19,6,38
OBS-33-3-9,1,HCP-000033,PRODUCT-000003,2026-09-06,5,1,10
OBS-33-4-0,1,HCP-000033,PRODUCT-000004,2026-07-05,39,13,78
OBS-33-4-1,1,HCP-000033,PRODUCT-000004,2026-07-12,17,5,34
OBS-33-4-2,1,HCP-000033,PRODUCT-000004,2026-07-19,9,3,18
OBS-33-4-3,1,HCP-000033,PRODUCT-000004,2026-07-26,33,11,66
OBS-33-4-4,1,HCP-000033,PRODUCT-000004,2026-08-02,31,10,62
OBS-33-4-5,1,HCP-000033,PRODUCT-000004,2026-08-09,35,11,70
OBS-33-4-6,1,HCP-000033,PRODUCT-000004,2026-08-16,16,5,32
OBS-33-4-7,1,HCP-000033,PRODUCT-000004,2026-08-23,32,10,64
OBS-33-4-8,1,HCP-000033,PRODUCT-000004,2026-08-30,18,6,36
OBS-33-4-9,1,HCP-000033,PRODUCT-000004,2026-09-06,17,5,34
OBS-34-1-0,1,HCP-000034,PRODUCT-000001,2026-07-05,1,0,2
OBS-34-1-1,1,HCP-000034,PRODUCT-000001,2026-07-12,34,11,68
OBS-34-1-2,1,HCP-000034,PRODUCT-000001,2026-07-19,17,5,34
OBS-34-1-3,1,HCP-000034,PRODUCT-000001,2026-07-26,2,0,4
OBS-34-1-4,1,HCP-000034,PRODUCT-000001,2026-08-02,19,6,38
OBS-34-1-5,1,HCP-000034,PRODUCT-000001,2026-08-09,4,1,8
OBS-34-1-6,1,HCP-000034,PRODUCT-000001,2026-08-16,4,1,8
OBS-34-1-7,1,HCP-000034,PRODUCT-000001,2026-08-23,27,9,54
OBS-34-1-8,1,HCP-000034,PRODUCT-000001,2026-08-30,3,1,6
OBS-34-1-9,1,HCP-000034,PRODUCT-000001,2026-09-06,3,1,6
OBS-34-2-0,1,HCP-000034,PRODUCT-000002,2026-07-05,28,9,56
OBS-34-2-1,1,HCP-000034,PRODUCT-000002,2026-07-12,26,8,52
OBS-34-2-2,1,HCP-000034,PRODUCT-000002,2026-07-19,8,2,16
OBS-34-2-3,1,HCP-000034,PRODUCT-000002,2026-07-26,7,2,14
OBS-34-2-4,1,HCP-000034,PRODUCT-000002,2026-08-02,31,10,62
OBS-34-2-5,1,HCP-000034,PRODUCT-000002,2026-08-09,18,6,36
OBS-34-2-6,1,HCP-000034,PRODUCT-000002,2026-08-16,8,2,16
OBS-34-2-7,1,HCP-000034,PRODUCT-000002,2026-08-23,33,11,66
OBS-34-2-8,1,HCP-000034,PRODUCT-000002,2026-08-30,30,10,60
OBS-34-2-9,1,HCP-000034,PRODUCT-000002,2026-09-06,7,2,14
OBS-34-3-0,1,HCP-000034,PRODUCT-000003,2026-07-05,39,13,78
OBS-34-3-1,1,HCP-000034,PRODUCT-000003,2026-07-12,12,4,24
OBS-34-3-2,1,HCP-000034,PRODUCT-000003,2026-07-19,28,9,56
OBS-34-3-3,1,HCP-000034,PRODUCT-000003,2026-07-26,28,9,56
OBS-34-3-4,1,HCP-000034,PRODUCT-000003,2026-08-02,19,6,38
OBS-34-3-5,1,HCP-000034,PRODUCT-000003,2026-08-09,29,9,58
OBS-34-3-6,1,HCP-000034,PRODUCT-000003,2026-08-16,37,12,74
OBS-34-3-7,1,HCP-000034,PRODUCT-000003,2026-08-23,39,13,78
OBS-34-3-8,1,HCP-000034,PRODUCT-000003,2026-08-30,37,12,74
OBS-34-3-9,1,HCP-000034,PRODUCT-000003,2026-09-06,23,7,46
OBS-34-4-0,1,HCP-000034,PRODUCT-000004,2026-07-05,36,12,72
OBS-34-4-1,1,HCP-000034,PRODUCT-000004,2026-07-12,5,1,10
OBS-34-4-2,1,HCP-000034,PRODUCT-000004,2026-07-19,1,0,2
OBS-34-4-3,1,HCP-000034,PRODUCT-000004,2026-07-26,35,11,70
OBS-34-4-4,1,HCP-000034,PRODUCT-000004,2026-08-02,21,7,42
OBS-34-4-5,1,HCP-000034,PRODUCT-000004,2026-08-09,21,7,42
OBS-34-4-6,1,HCP-000034,PRODUCT-000004,2026-08-16,20,6,40
OBS-34-4-7,1,HCP-000034,PRODUCT-000004,2026-08-23,5,1,10
OBS-34-4-8,1,HCP-000034,PRODUCT-000004,2026-08-30,38,12,76
OBS-34-4-9,1,HCP-000034,PRODUCT-000004,2026-09-06,30,10,60
OBS-35-1-0,1,HCP-000035,PRODUCT-000001,2026-07-05,31,10,62
OBS-35-1-1,1,HCP-000035,PRODUCT-000001,2026-07-12,33,11,66
OBS-35-1-2,1,HCP-000035,PRODUCT-000001,2026-07-19,16,5,32
OBS-35-1-3,1,HCP-000035,PRODUCT-000001,2026-07-26,13,4,26
OBS-35-1-4,1,HCP-000035,PRODUCT-000001,2026-08-02,10,3,20
OBS-35-1-5,1,HCP-000035,PRODUCT-000001,2026-08-09,4,1,8
OBS-35-1-6,1,HCP-000035,PRODUCT-000001,2026-08-16,38,12,76
OBS-35-1-7,1,HCP-000035,PRODUCT-000001,2026-08-23,18,6,36
OBS-35-1-8,1,HCP-000035,PRODUCT-000001,2026-08-30,38,12,76
OBS-35-1-9,1,HCP-000035,PRODUCT-000001,2026-09-06,5,1,10
OBS-35-2-0,1,HCP-000035,PRODUCT-000002,2026-07-05,28,9,56
OBS-35-2-1,1,HCP-000035,PRODUCT-000002,2026-07-12,32,10,64
OBS-35-2-2,1,HCP-000035,PRODUCT-000002,2026-07-19,21,7,42
OBS-35-2-3,1,HCP-000035,PRODUCT-000002,2026-07-26,35,11,70
OBS-35-2-4,1,HCP-000035,PRODUCT-000002,2026-08-02,39,13,78
OBS-35-2-5,1,HCP-000035,PRODUCT-000002,2026-08-09,35,11,70
OBS-35-2-6,1,HCP-000035,PRODUCT-000002,2026-08-16,19,6,38
OBS-35-2-7,1,HCP-000035,PRODUCT-000002,2026-08-23,24,8,48
OBS-35-2-8,1,HCP-000035,PRODUCT-000002,2026-08-30,37,12,74
OBS-35-2-9,1,HCP-000035,PRODUCT-000002,2026-09-06,14,4,28
OBS-35-3-0,1,HCP-000035,PRODUCT-000003,2026-07-05,35,11,70
OBS-35-3-1,1,HCP-000035,PRODUCT-000003,2026-07-12,27,9,54
OBS-35-3-2,1,HCP-000035,PRODUCT-000003,2026-07-19,28,9,56
OBS-35-3-3,1,HCP-000035,PRODUCT-000003,2026-07-26,26,8,52
OBS-35-3-4,1,HCP-000035,PRODUCT-000003,2026-08-02,36,12,72
OBS-35-3-5,1,HCP-000035,PRODUCT-000003,2026-08-09,33,11,66
OBS-35-3-6,1,HCP-000035,PRODUCT-000003,2026-08-16,20,6,40
OBS-35-3-7,1,HCP-000035,PRODUCT-000003,2026-08-23,15,5,30
OBS-35-3-8,1,HCP-000035,PRODUCT-000003,2026-08-30,3,1,6
OBS-35-3-9,1,HCP-000035,PRODUCT-000003,2026-09-06,36,12,72
OBS-35-4-0,1,HCP-000035,PRODUCT-000004,2026-07-05,35,11,70
OBS-35-4-1,1,HCP-000035,PRODUCT-000004,2026-07-12,9,3,18
OBS-35-4-2,1,HCP-000035,PRODUCT-000004,2026-07-19,16,5,32
OBS-35-4-3,1,HCP-000035,PRODUCT-000004,2026-07-26,24,8,48
OBS-35-4-4,1,HCP-000035,PRODUCT-000004,2026-08-02,6,2,12
OBS-35-4-5,1,HCP-000035,PRODUCT-000004,2026-08-09,8,2,16
OBS-35-4-6,1,HCP-000035,PRODUCT-000004,2026-08-16,33,11,66
OBS-35-4-7,1,HCP-000035,PRODUCT-000004,2026-08-23,38,12,76
OBS-35-4-8,1,HCP-000035,PRODUCT-000004,2026-08-30,20,6,40
OBS-35-4-9,1,HCP-000035,PRODUCT-000004,2026-09-06,1,0,2
OBS-36-1-0,1,HCP-000036,PRODUCT-000001,2026-07-05,29,9,58
OBS-36-1-1,1,HCP-000036,PRODUCT-000001,2026-07-12,12,4,24
OBS-36-1-2,1,HCP-000036,PRODUCT-000001,2026-07-19,9,3,18
OBS-36-1-3,1,HCP-000036,PRODUCT-000001,2026-07-26,8,2,16
OBS-36-1-4,1,HCP-000036,PRODUCT-000001,2026-08-02,2,0,4
OBS-36-1-5,1,HCP-000036,PRODUCT-000001,2026-08-09,37,12,74
OBS-36-1-6,1,HCP-000036,PRODUCT-000001,2026-08-16,5,1,10
OBS-36-1-7,1,HCP-000036,PRODUCT-000001,2026-08-23,5,1,10
OBS-36-1-8,1,HCP-000036,PRODUCT-000001,2026-08-30,35,11,70
OBS-36-1-9,1,HCP-000036,PRODUCT-000001,2026-09-06,26,8,52
OBS-36-2-0,1,HCP-000036,PRODUCT-000002,2026-07-05,38,12,76
OBS-36-2-1,1,HCP-000036,PRODUCT-000002,2026-07-12,17,5,34
OBS-36-2-2,1,HCP-000036,PRODUCT-000002,2026-07-19,31,10,62
OBS-36-2-3,1,HCP-000036,PRODUCT-000002,2026-07-26,22,7,44
OBS-36-2-4,1,HCP-000036,PRODUCT-000002,2026-08-02,39,13,78
OBS-36-2-5,1,HCP-000036,PRODUCT-000002,2026-08-09,36,12,72
OBS-36-2-6,1,HCP-000036,PRODUCT-000002,2026-08-16,10,3,20
OBS-36-2-7,1,HCP-000036,PRODUCT-000002,2026-08-23,15,5,30
OBS-36-2-8,1,HCP-000036,PRODUCT-000002,2026-08-30,16,5,32
OBS-36-2-9,1,HCP-000036,PRODUCT-000002,2026-09-06,32,10,64
OBS-36-3-0,1,HCP-000036,PRODUCT-000003,2026-07-05,34,11,68
OBS-36-3-1,1,HCP-000036,PRODUCT-000003,2026-07-12,34,11,68
OBS-36-3-2,1,HCP-000036,PRODUCT-000003,2026-07-19,7,2,14
OBS-36-3-3,1,HCP-000036,PRODUCT-000003,2026-07-26,25,8,50
OBS-36-3-4,1,HCP-000036,PRODUCT-000003,2026-08-02,17,5,34
OBS-36-3-5,1,HCP-000036,PRODUCT-000003,2026-08-09,35,11,70
OBS-36-3-6,1,HCP-000036,PRODUCT-000003,2026-08-16,36,12,72
OBS-36-3-7,1,HCP-000036,PRODUCT-000003,2026-08-23,38,12,76
OBS-36-3-8,1,HCP-000036,PRODUCT-000003,2026-08-30,34,11,68
OBS-36-3-9,1,HCP-000036,PRODUCT-000003,2026-09-06,32,10,64
OBS-36-4-0,1,HCP-000036,PRODUCT-000004,2026-07-05,10,3,20
OBS-36-4-1,1,HCP-000036,PRODUCT-000004,2026-07-12,17,5,34
OBS-36-4-2,1,HCP-000036,PRODUCT-000004,2026-07-19,27,9,54
OBS-36-4-3,1,HCP-000036,PRODUCT-000004,2026-07-26,12,4,24
OBS-36-4-4,1,HCP-000036,PRODUCT-000004,2026-08-02,26,8,52
OBS-36-4-5,1,HCP-000036,PRODUCT-000004,2026-08-09,38,12,76
OBS-36-4-6,1,HCP-000036,PRODUCT-000004,2026-08-16,17,5,34
OBS-36-4-7,1,HCP-000036,PRODUCT-000004,2026-08-23,18,6,36
OBS-36-4-8,1,HCP-000036,PRODUCT-000004,2026-08-30,3,1,6
OBS-36-4-9,1,HCP-000036,PRODUCT-000004,2026-09-06,27,9,54
OBS-37-1-0,1,HCP-000037,PRODUCT-000001,2026-07-05,31,10,62
OBS-37-1-1,1,HCP-000037,PRODUCT-000001,2026-07-12,20,6,40
OBS-37-1-2,1,HCP-000037,PRODUCT-000001,2026-07-19,4,1,8
OBS-37-1-3,1,HCP-000037,PRODUCT-000001,2026-07-26,16,5,32
OBS-37-1-4,1,HCP-000037,PRODUCT-000001,2026-08-02,22,7,44
OBS-37-1-5,1,HCP-000037,PRODUCT-000001,2026-08-09,5,1,10
OBS-37-1-6,1,HCP-000037,PRODUCT-000001,2026-08-16,28,9,56
OBS-37-1-7,1,HCP-000037,PRODUCT-000001,2026-08-23,6,2,12
OBS-37-1-8,1,HCP-000037,PRODUCT-000001,2026-08-30,34,11,68
OBS-37-1-9,1,HCP-000037,PRODUCT-000001,2026-09-06,28,9,56
OBS-37-2-0,1,HCP-000037,PRODUCT-000002,2026-07-05,11,3,22
OBS-37-2-1,1,HCP-000037,PRODUCT-000002,2026-07-12,14,4,28
OBS-37-2-2,1,HCP-000037,PRODUCT-000002,2026-07-19,25,8,50
OBS-37-2-3,1,HCP-000037,PRODUCT-000002,2026-07-26,8,2,16
OBS-37-2-4,1,HCP-000037,PRODUCT-000002,2026-08-02,30,10,60
OBS-37-2-5,1,HCP-000037,PRODUCT-000002,2026-08-09,3,1,6
OBS-37-2-6,1,HCP-000037,PRODUCT-000002,2026-08-16,30,10,60
OBS-37-2-7,1,HCP-000037,PRODUCT-000002,2026-08-23,10,3,20
OBS-37-2-8,1,HCP-000037,PRODUCT-000002,2026-08-30,38,12,76
OBS-37-2-9,1,HCP-000037,PRODUCT-000002,2026-09-06,3,1,6
OBS-37-3-0,1,HCP-000037,PRODUCT-000003,2026-07-05,24,8,48
OBS-37-3-1,1,HCP-000037,PRODUCT-000003,2026-07-12,38,12,76
OBS-37-3-2,1,HCP-000037,PRODUCT-000003,2026-07-19,23,7,46
OBS-37-3-3,1,HCP-000037,PRODUCT-000003,2026-07-26,27,9,54
OBS-37-3-4,1,HCP-000037,PRODUCT-000003,2026-08-02,5,1,10
OBS-37-3-5,1,HCP-000037,PRODUCT-000003,2026-08-09,37,12,74
OBS-37-3-6,1,HCP-000037,PRODUCT-000003,2026-08-16,34,11,68
OBS-37-3-7,1,HCP-000037,PRODUCT-000003,2026-08-23,31,10,62
OBS-37-3-8,1,HCP-000037,PRODUCT-000003,2026-08-30,37,12,74
OBS-37-3-9,1,HCP-000037,PRODUCT-000003,2026-09-06,5,1,10
OBS-37-4-0,1,HCP-000037,PRODUCT-000004,2026-07-05,33,11,66
OBS-37-4-1,1,HCP-000037,PRODUCT-000004,2026-07-12,27,9,54
OBS-37-4-2,1,HCP-000037,PRODUCT-000004,2026-07-19,15,5,30
OBS-37-4-3,1,HCP-000037,PRODUCT-000004,2026-07-26,26,8,52
OBS-37-4-4,1,HCP-000037,PRODUCT-000004,2026-08-02,37,12,74
OBS-37-4-5,1,HCP-000037,PRODUCT-000004,2026-08-09,24,8,48
OBS-37-4-6,1,HCP-000037,PRODUCT-000004,2026-08-16,38,12,76
OBS-37-4-7,1,HCP-000037,PRODUCT-000004,2026-08-23,18,6,36
OBS-37-4-8,1,HCP-000037,PRODUCT-000004,2026-08-30,38,12,76
OBS-37-4-9,1,HCP-000037,PRODUCT-000004,2026-09-06,25,8,50
OBS-38-1-0,1,HCP-000038,PRODUCT-000001,2026-07-05,30,10,60
OBS-38-1-1,1,HCP-000038,PRODUCT-000001,2026-07-12,5,1,10
OBS-38-1-2,1,HCP-000038,PRODUCT-000001,2026-07-19,12,4,24
OBS-38-1-3,1,HCP-000038,PRODUCT-000001,2026-07-26,30,10,60
OBS-38-1-4,1,HCP-000038,PRODUCT-000001,2026-08-02,32,10,64
OBS-38-1-5,1,HCP-000038,PRODUCT-000001,2026-08-09,34,11,68
OBS-38-1-6,1,HCP-000038,PRODUCT-000001,2026-08-16,29,9,58
OBS-38-1-7,1,HCP-000038,PRODUCT-000001,2026-08-23,26,8,52
OBS-38-1-8,1,HCP-000038,PRODUCT-000001,2026-08-30,5,1,10
OBS-38-1-9,1,HCP-000038,PRODUCT-000001,2026-09-06,15,5,30
OBS-38-2-0,1,HCP-000038,PRODUCT-000002,2026-07-05,21,7,42
OBS-38-2-1,1,HCP-000038,PRODUCT-000002,2026-07-12,38,12,76
OBS-38-2-2,1,HCP-000038,PRODUCT-000002,2026-07-19,28,9,56
OBS-38-2-3,1,HCP-000038,PRODUCT-000002,2026-07-26,18,6,36
OBS-38-2-4,1,HCP-000038,PRODUCT-000002,2026-08-02,1,0,2
OBS-38-2-5,1,HCP-000038,PRODUCT-000002,2026-08-09,9,3,18
OBS-38-2-6,1,HCP-000038,PRODUCT-000002,2026-08-16,36,12,72
OBS-38-2-7,1,HCP-000038,PRODUCT-000002,2026-08-23,9,3,18
OBS-38-2-8,1,HCP-000038,PRODUCT-000002,2026-08-30,15,5,30
OBS-38-2-9,1,HCP-000038,PRODUCT-000002,2026-09-06,18,6,36
OBS-38-3-0,1,HCP-000038,PRODUCT-000003,2026-07-05,32,10,64
OBS-38-3-1,1,HCP-000038,PRODUCT-000003,2026-07-12,2,0,4
OBS-38-3-2,1,HCP-000038,PRODUCT-000003,2026-07-19,27,9,54
OBS-38-3-3,1,HCP-000038,PRODUCT-000003,2026-07-26,7,2,14
OBS-38-3-4,1,HCP-000038,PRODUCT-000003,2026-08-02,23,7,46
OBS-38-3-5,1,HCP-000038,PRODUCT-000003,2026-08-09,11,3,22
OBS-38-3-6,1,HCP-000038,PRODUCT-000003,2026-08-16,18,6,36
OBS-38-3-7,1,HCP-000038,PRODUCT-000003,2026-08-23,24,8,48
OBS-38-3-8,1,HCP-000038,PRODUCT-000003,2026-08-30,26,8,52
OBS-38-3-9,1,HCP-000038,PRODUCT-000003,2026-09-06,39,13,78
OBS-38-4-0,1,HCP-000038,PRODUCT-000004,2026-07-05,8,2,16
OBS-38-4-1,1,HCP-000038,PRODUCT-000004,2026-07-12,7,2,14
OBS-38-4-2,1,HCP-000038,PRODUCT-000004,2026-07-19,20,6,40
OBS-38-4-3,1,HCP-000038,PRODUCT-000004,2026-07-26,7,2,14
OBS-38-4-4,1,HCP-000038,PRODUCT-000004,2026-08-02,28,9,56
OBS-38-4-5,1,HCP-000038,PRODUCT-000004,2026-08-09,1,0,2
OBS-38-4-6,1,HCP-000038,PRODUCT-000004,2026-08-16,24,8,48
OBS-38-4-7,1,HCP-000038,PRODUCT-000004,2026-08-23,34,11,68
OBS-38-4-8,1,HCP-000038,PRODUCT-000004,2026-08-30,11,3,22
OBS-38-4-9,1,HCP-000038,PRODUCT-000004,2026-09-06,13,4,26
OBS-39-1-0,1,HCP-000039,PRODUCT-000001,2026-07-05,18,6,36
OBS-39-1-1,1,HCP-000039,PRODUCT-000001,2026-07-12,9,3,18
OBS-39-1-2,1,HCP-000039,PRODUCT-000001,2026-07-19,32,10,64
OBS-39-1-3,1,HCP-000039,PRODUCT-000001,2026-07-26,7,2,14
OBS-39-1-4,1,HCP-000039,PRODUCT-000001,2026-08-02,21,7,42
OBS-39-1-5,1,HCP-000039,PRODUCT-000001,2026-08-09,31,10,62
OBS-39-1-6,1,HCP-000039,PRODUCT-000001,2026-08-16,27,9,54
OBS-39-1-7,1,HCP-000039,PRODUCT-000001,2026-08-23,16,5,32
OBS-39-1-8,1,HCP-000039,PRODUCT-000001,2026-08-30,17,5,34
OBS-39-1-9,1,HCP-000039,PRODUCT-000001,2026-09-06,28,9,56
OBS-39-2-0,1,HCP-000039,PRODUCT-000002,2026-07-05,30,10,60
OBS-39-2-1,1,HCP-000039,PRODUCT-000002,2026-07-12,37,12,74
OBS-39-2-2,1,HCP-000039,PRODUCT-000002,2026-07-19,27,9,54
OBS-39-2-3,1,HCP-000039,PRODUCT-000002,2026-07-26,25,8,50
OBS-39-2-4,1,HCP-000039,PRODUCT-000002,2026-08-02,3,1,6
OBS-39-2-5,1,HCP-000039,PRODUCT-000002,2026-08-09,30,10,60
OBS-39-2-6,1,HCP-000039,PRODUCT-000002,2026-08-16,26,8,52
OBS-39-2-7,1,HCP-000039,PRODUCT-000002,2026-08-23,38,12,76
OBS-39-2-8,1,HCP-000039,PRODUCT-000002,2026-08-30,13,4,26
OBS-39-2-9,1,HCP-000039,PRODUCT-000002,2026-09-06,22,7,44
OBS-39-3-0,1,HCP-000039,PRODUCT-000003,2026-07-05,35,11,70
OBS-39-3-1,1,HCP-000039,PRODUCT-000003,2026-07-12,18,6,36
OBS-39-3-2,1,HCP-000039,PRODUCT-000003,2026-07-19,19,6,38
OBS-39-3-3,1,HCP-000039,PRODUCT-000003,2026-07-26,5,1,10
OBS-39-3-4,1,HCP-000039,PRODUCT-000003,2026-08-02,12,4,24
OBS-39-3-5,1,HCP-000039,PRODUCT-000003,2026-08-09,27,9,54
OBS-39-3-6,1,HCP-000039,PRODUCT-000003,2026-08-16,8,2,16
OBS-39-3-7,1,HCP-000039,PRODUCT-000003,2026-08-23,5,1,10
OBS-39-3-8,1,HCP-000039,PRODUCT-000003,2026-08-30,39,13,78
OBS-39-3-9,1,HCP-000039,PRODUCT-000003,2026-09-06,30,10,60
OBS-39-4-0,1,HCP-000039,PRODUCT-000004,2026-07-05,14,4,28
OBS-39-4-1,1,HCP-000039,PRODUCT-000004,2026-07-12,32,10,64
OBS-39-4-2,1,HCP-000039,PRODUCT-000004,2026-07-19,33,11,66
OBS-39-4-3,1,HCP-000039,PRODUCT-000004,2026-07-26,28,9,56
OBS-39-4-4,1,HCP-000039,PRODUCT-000004,2026-08-02,26,8,52
OBS-39-4-5,1,HCP-000039,PRODUCT-000004,2026-08-09,9,3,18
OBS-39-4-6,1,HCP-000039,PRODUCT-000004,2026-08-16,6,2,12
OBS-39-4-7,1,HCP-000039,PRODUCT-000004,2026-08-23,12,4,24
OBS-39-4-8,1,HCP-000039,PRODUCT-000004,2026-08-30,3,1,6
OBS-39-4-9,1,HCP-000039,PRODUCT-000004,2026-09-06,37,12,74
OBS-40-1-0,1,HCP-000040,PRODUCT-000001,2026-07-05,34,11,68
OBS-40-1-1,1,HCP-000040,PRODUCT-000001,2026-07-12,2,0,4
OBS-40-1-2,1,HCP-000040,PRODUCT-000001,2026-07-19,17,5,34
OBS-40-1-3,1,HCP-000040,PRODUCT-000001,2026-07-26,13,4,26
OBS-40-1-4,1,HCP-000040,PRODUCT-000001,2026-08-02,23,7,46
OBS-40-1-5,1,HCP-000040,PRODUCT-000001,2026-08-09,12,4,24
OBS-40-1-6,1,HCP-000040,PRODUCT-000001,2026-08-16,7,2,14
OBS-40-1-7,1,HCP-000040,PRODUCT-000001,2026-08-23,15,5,30
OBS-40-1-8,1,HCP-000040,PRODUCT-000001,2026-08-30,6,2,12
OBS-40-1-9,1,HCP-000040,PRODUCT-000001,2026-09-06,33,11,66
OBS-40-2-0,1,HCP-000040,PRODUCT-000002,2026-07-05,28,9,56
OBS-40-2-1,1,HCP-000040,PRODUCT-000002,2026-07-12,28,9,56
OBS-40-2-2,1,HCP-000040,PRODUCT-000002,2026-07-19,17,5,34
OBS-40-2-3,1,HCP-000040,PRODUCT-000002,2026-07-26,1,0,2
OBS-40-2-4,1,HCP-000040,PRODUCT-000002,2026-08-02,36,12,72
OBS-40-2-5,1,HCP-000040,PRODUCT-000002,2026-08-09,11,3,22
OBS-40-2-6,1,HCP-000040,PRODUCT-000002,2026-08-16,34,11,68
OBS-40-2-7,1,HCP-000040,PRODUCT-000002,2026-08-23,29,9,58
OBS-40-2-8,1,HCP-000040,PRODUCT-000002,2026-08-30,39,13,78
OBS-40-2-9,1,HCP-000040,PRODUCT-000002,2026-09-06,33,11,66
OBS-40-3-0,1,HCP-000040,PRODUCT-000003,2026-07-05,31,10,62
OBS-40-3-1,1,HCP-000040,PRODUCT-000003,2026-07-12,14,4,28
OBS-40-3-2,1,HCP-000040,PRODUCT-000003,2026-07-19,18,6,36
OBS-40-3-3,1,HCP-000040,PRODUCT-000003,2026-07-26,12,4,24
OBS-40-3-4,1,HCP-000040,PRODUCT-000003,2026-08-02,13,4,26
OBS-40-3-5,1,HCP-000040,PRODUCT-000003,2026-08-09,31,10,62
OBS-40-3-6,1,HCP-000040,PRODUCT-000003,2026-08-16,13,4,26
OBS-40-3-7,1,HCP-000040,PRODUCT-000003,2026-08-23,30,10,60
OBS-40-3-8,1,HCP-000040,PRODUCT-000003,2026-08-30,26,8,52
OBS-40-3-9,1,HCP-000040,PRODUCT-000003,2026-09-06,6,2,12
OBS-40-4-0,1,HCP-000040,PRODUCT-000004,2026-07-05,31,10,62
OBS-40-4-1,1,HCP-000040,PRODUCT-000004,2026-07-12,4,1,8
OBS-40-4-2,1,HCP-000040,PRODUCT-000004,2026-07-19,37,12,74
OBS-40-4-3,1,HCP-000040,PRODUCT-000004,2026-07-26,1,0,2
OBS-40-4-4,1,HCP-000040,PRODUCT-000004,2026-08-02,13,4,26
OBS-40-4-5,1,HCP-000040,PRODUCT-000004,2026-08-09,12,4,24
OBS-40-4-6,1,HCP-000040,PRODUCT-000004,2026-08-16,28,9,56
OBS-40-4-7,1,HCP-000040,PRODUCT-000004,2026-08-23,10,3,20
OBS-40-4-8,1,HCP-000040,PRODUCT-000004,2026-08-30,12,4,24
OBS-40-4-9,1,HCP-000040,PRODUCT-000004,2026-09-06,19,6,38
OBS-41-1-0,1,HCP-000041,PRODUCT-000001,2026-07-05,2,0,4
OBS-41-1-1,1,HCP-000041,PRODUCT-000001,2026-07-12,30,10,60
OBS-41-1-2,1,HCP-000041,PRODUCT-000001,2026-07-19,16,5,32
OBS-41-1-3,1,HCP-000041,PRODUCT-000001,2026-07-26,27,9,54
OBS-41-1-4,1,HCP-000041,PRODUCT-000001,2026-08-02,11,3,22
OBS-41-1-5,1,HCP-000041,PRODUCT-000001,2026-08-09,39,13,78
OBS-41-1-6,1,HCP-000041,PRODUCT-000001,2026-08-16,38,12,76
OBS-41-1-7,1,HCP-000041,PRODUCT-000001,2026-08-23,25,8,50
OBS-41-1-8,1,HCP-000041,PRODUCT-000001,2026-08-30,11,3,22
OBS-41-1-9,1,HCP-000041,PRODUCT-000001,2026-09-06,9,3,18
OBS-41-2-0,1,HCP-000041,PRODUCT-000002,2026-07-05,24,8,48
OBS-41-2-1,1,HCP-000041,PRODUCT-000002,2026-07-12,2,0,4
OBS-41-2-2,1,HCP-000041,PRODUCT-000002,2026-07-19,25,8,50
OBS-41-2-3,1,HCP-000041,PRODUCT-000002,2026-07-26,10,3,20
OBS-41-2-4,1,HCP-000041,PRODUCT-000002,2026-08-02,34,11,68
OBS-41-2-5,1,HCP-000041,PRODUCT-000002,2026-08-09,12,4,24
OBS-41-2-6,1,HCP-000041,PRODUCT-000002,2026-08-16,12,4,24
OBS-41-2-7,1,HCP-000041,PRODUCT-000002,2026-08-23,29,9,58
OBS-41-2-8,1,HCP-000041,PRODUCT-000002,2026-08-30,37,12,74
OBS-41-2-9,1,HCP-000041,PRODUCT-000002,2026-09-06,22,7,44
OBS-41-3-0,1,HCP-000041,PRODUCT-000003,2026-07-05,7,2,14
OBS-41-3-1,1,HCP-000041,PRODUCT-000003,2026-07-12,24,8,48
OBS-41-3-2,1,HCP-000041,PRODUCT-000003,2026-07-19,38,12,76
OBS-41-3-3,1,HCP-000041,PRODUCT-000003,2026-07-26,23,7,46
OBS-41-3-4,1,HCP-000041,PRODUCT-000003,2026-08-02,20,6,40
OBS-41-3-5,1,HCP-000041,PRODUCT-000003,2026-08-09,30,10,60
OBS-41-3-6,1,HCP-000041,PRODUCT-000003,2026-08-16,17,5,34
OBS-41-3-7,1,HCP-000041,PRODUCT-000003,2026-08-23,19,6,38
OBS-41-3-8,1,HCP-000041,PRODUCT-000003,2026-08-30,5,1,10
OBS-41-3-9,1,HCP-000041,PRODUCT-000003,2026-09-06,6,2,12
OBS-41-4-0,1,HCP-000041,PRODUCT-000004,2026-07-05,27,9,54
OBS-41-4-1,1,HCP-000041,PRODUCT-000004,2026-07-12,21,7,42
OBS-41-4-2,1,HCP-000041,PRODUCT-000004,2026-07-19,24,8,48
OBS-41-4-3,1,HCP-000041,PRODUCT-000004,2026-07-26,25,8,50
OBS-41-4-4,1,HCP-000041,PRODUCT-000004,2026-08-02,7,2,14
OBS-41-4-5,1,HCP-000041,PRODUCT-000004,2026-08-09,35,11,70
OBS-41-4-6,1,HCP-000041,PRODUCT-000004,2026-08-16,26,8,52
OBS-41-4-7,1,HCP-000041,PRODUCT-000004,2026-08-23,39,13,78
OBS-41-4-8,1,HCP-000041,PRODUCT-000004,2026-08-30,24,8,48
OBS-41-4-9,1,HCP-000041,PRODUCT-000004,2026-09-06,27,9,54
OBS-42-1-0,1,HCP-000042,PRODUCT-000001,2026-07-05,3,1,6
OBS-42-1-1,1,HCP-000042,PRODUCT-000001,2026-07-12,35,11,70
OBS-42-1-2,1,HCP-000042,PRODUCT-000001,2026-07-19,18,6,36
OBS-42-1-3,1,HCP-000042,PRODUCT-000001,2026-07-26,26,8,52
OBS-42-1-4,1,HCP-000042,PRODUCT-000001,2026-08-02,21,7,42
OBS-42-1-5,1,HCP-000042,PRODUCT-000001,2026-08-09,17,5,34
OBS-42-1-6,1,HCP-000042,PRODUCT-000001,2026-08-16,22,7,44
OBS-42-1-7,1,HCP-000042,PRODUCT-000001,2026-08-23,15,5,30
OBS-42-1-8,1,HCP-000042,PRODUCT-000001,2026-08-30,2,0,4
OBS-42-1-9,1,HCP-000042,PRODUCT-000001,2026-09-06,16,5,32
OBS-42-2-0,1,HCP-000042,PRODUCT-000002,2026-07-05,37,12,74
OBS-42-2-1,1,HCP-000042,PRODUCT-000002,2026-07-12,31,10,62
OBS-42-2-2,1,HCP-000042,PRODUCT-000002,2026-07-19,8,2,16
OBS-42-2-3,1,HCP-000042,PRODUCT-000002,2026-07-26,1,0,2
OBS-42-2-4,1,HCP-000042,PRODUCT-000002,2026-08-02,16,5,32
OBS-42-2-5,1,HCP-000042,PRODUCT-000002,2026-08-09,27,9,54
OBS-42-2-6,1,HCP-000042,PRODUCT-000002,2026-08-16,37,12,74
OBS-42-2-7,1,HCP-000042,PRODUCT-000002,2026-08-23,8,2,16
OBS-42-2-8,1,HCP-000042,PRODUCT-000002,2026-08-30,38,12,76
OBS-42-2-9,1,HCP-000042,PRODUCT-000002,2026-09-06,22,7,44
OBS-42-3-0,1,HCP-000042,PRODUCT-000003,2026-07-05,18,6,36
OBS-42-3-1,1,HCP-000042,PRODUCT-000003,2026-07-12,23,7,46
OBS-42-3-2,1,HCP-000042,PRODUCT-000003,2026-07-19,6,2,12
OBS-42-3-3,1,HCP-000042,PRODUCT-000003,2026-07-26,7,2,14
OBS-42-3-4,1,HCP-000042,PRODUCT-000003,2026-08-02,24,8,48
OBS-42-3-5,1,HCP-000042,PRODUCT-000003,2026-08-09,5,1,10
OBS-42-3-6,1,HCP-000042,PRODUCT-000003,2026-08-16,16,5,32
OBS-42-3-7,1,HCP-000042,PRODUCT-000003,2026-08-23,22,7,44
OBS-42-3-8,1,HCP-000042,PRODUCT-000003,2026-08-30,11,3,22
OBS-42-3-9,1,HCP-000042,PRODUCT-000003,2026-09-06,21,7,42
OBS-42-4-0,1,HCP-000042,PRODUCT-000004,2026-07-05,13,4,26
OBS-42-4-1,1,HCP-000042,PRODUCT-000004,2026-07-12,35,11,70
OBS-42-4-2,1,HCP-000042,PRODUCT-000004,2026-07-19,4,1,8
OBS-42-4-3,1,HCP-000042,PRODUCT-000004,2026-07-26,13,4,26
OBS-42-4-4,1,HCP-000042,PRODUCT-000004,2026-08-02,10,3,20
OBS-42-4-5,1,HCP-000042,PRODUCT-000004,2026-08-09,1,0,2
OBS-42-4-6,1,HCP-000042,PRODUCT-000004,2026-08-16,9,3,18
OBS-42-4-7,1,HCP-000042,PRODUCT-000004,2026-08-23,36,12,72
OBS-42-4-8,1,HCP-000042,PRODUCT-000004,2026-08-30,26,8,52
OBS-42-4-9,1,HCP-000042,PRODUCT-000004,2026-09-06,1,0,2
OBS-43-1-0,1,HCP-000043,PRODUCT-000001,2026-07-05,2,0,4
OBS-43-1-1,1,HCP-000043,PRODUCT-000001,2026-07-12,35,11,70
OBS-43-1-2,1,HCP-000043,PRODUCT-000001,2026-07-19,10,3,20
OBS-43-1-3,1,HCP-000043,PRODUCT-000001,2026-07-26,25,8,50
OBS-43-1-4,1,HCP-000043,PRODUCT-000001,2026-08-02,19,6,38
OBS-43-1-5,1,HCP-000043,PRODUCT-000001,2026-08-09,5,1,10
OBS-43-1-6,1,HCP-000043,PRODUCT-000001,2026-08-16,6,2,12
OBS-43-1-7,1,HCP-000043,PRODUCT-000001,2026-08-23,14,4,28
OBS-43-1-8,1,HCP-000043,PRODUCT-000001,2026-08-30,17,5,34
OBS-43-1-9,1,HCP-000043,PRODUCT-000001,2026-09-06,35,11,70
OBS-43-2-0,1,HCP-000043,PRODUCT-000002,2026-07-05,27,9,54
OBS-43-2-1,1,HCP-000043,PRODUCT-000002,2026-07-12,26,8,52
OBS-43-2-2,1,HCP-000043,PRODUCT-000002,2026-07-19,20,6,40
OBS-43-2-3,1,HCP-000043,PRODUCT-000002,2026-07-26,25,8,50
OBS-43-2-4,1,HCP-000043,PRODUCT-000002,2026-08-02,6,2,12
OBS-43-2-5,1,HCP-000043,PRODUCT-000002,2026-08-09,31,10,62
OBS-43-2-6,1,HCP-000043,PRODUCT-000002,2026-08-16,28,9,56
OBS-43-2-7,1,HCP-000043,PRODUCT-000002,2026-08-23,33,11,66
OBS-43-2-8,1,HCP-000043,PRODUCT-000002,2026-08-30,37,12,74
OBS-43-2-9,1,HCP-000043,PRODUCT-000002,2026-09-06,27,9,54
OBS-43-3-0,1,HCP-000043,PRODUCT-000003,2026-07-05,36,12,72
OBS-43-3-1,1,HCP-000043,PRODUCT-000003,2026-07-12,39,13,78
OBS-43-3-2,1,HCP-000043,PRODUCT-000003,2026-07-19,38,12,76
OBS-43-3-3,1,HCP-000043,PRODUCT-000003,2026-07-26,35,11,70
OBS-43-3-4,1,HCP-000043,PRODUCT-000003,2026-08-02,31,10,62
OBS-43-3-5,1,HCP-000043,PRODUCT-000003,2026-08-09,25,8,50
OBS-43-3-6,1,HCP-000043,PRODUCT-000003,2026-08-16,5,1,10
OBS-43-3-7,1,HCP-000043,PRODUCT-000003,2026-08-23,23,7,46
OBS-43-3-8,1,HCP-000043,PRODUCT-000003,2026-08-30,32,10,64
OBS-43-3-9,1,HCP-000043,PRODUCT-000003,2026-09-06,18,6,36
OBS-43-4-0,1,HCP-000043,PRODUCT-000004,2026-07-05,16,5,32
OBS-43-4-1,1,HCP-000043,PRODUCT-000004,2026-07-12,16,5,32
OBS-43-4-2,1,HCP-000043,PRODUCT-000004,2026-07-19,33,11,66
OBS-43-4-3,1,HCP-000043,PRODUCT-000004,2026-07-26,16,5,32
OBS-43-4-4,1,HCP-000043,PRODUCT-000004,2026-08-02,33,11,66
OBS-43-4-5,1,HCP-000043,PRODUCT-000004,2026-08-09,10,3,20
OBS-43-4-6,1,HCP-000043,PRODUCT-000004,2026-08-16,19,6,38
OBS-43-4-7,1,HCP-000043,PRODUCT-000004,2026-08-23,24,8,48
OBS-43-4-8,1,HCP-000043,PRODUCT-000004,2026-08-30,26,8,52
OBS-43-4-9,1,HCP-000043,PRODUCT-000004,2026-09-06,3,1,6
OBS-44-1-0,1,HCP-000044,PRODUCT-000001,2026-07-05,22,7,44
OBS-44-1-1,1,HCP-000044,PRODUCT-000001,2026-07-12,1,0,2
OBS-44-1-2,1,HCP-000044,PRODUCT-000001,2026-07-19,37,12,74
OBS-44-1-3,1,HCP-000044,PRODUCT-000001,2026-07-26,24,8,48
OBS-44-1-4,1,HCP-000044,PRODUCT-000001,2026-08-02,6,2,12
OBS-44-1-5,1,HCP-000044,PRODUCT-000001,2026-08-09,35,11,70
OBS-44-1-6,1,HCP-000044,PRODUCT-000001,2026-08-16,22,7,44
OBS-44-1-7,1,HCP-000044,PRODUCT-000001,2026-08-23,11,3,22
OBS-44-1-8,1,HCP-000044,PRODUCT-000001,2026-08-30,1,0,2
OBS-44-1-9,1,HCP-000044,PRODUCT-000001,2026-09-06,14,4,28
OBS-44-2-0,1,HCP-000044,PRODUCT-000002,2026-07-05,8,2,16
OBS-44-2-1,1,HCP-000044,PRODUCT-000002,2026-07-12,26,8,52
OBS-44-2-2,1,HCP-000044,PRODUCT-000002,2026-07-19,19,6,38
OBS-44-2-3,1,HCP-000044,PRODUCT-000002,2026-07-26,26,8,52
OBS-44-2-4,1,HCP-000044,PRODUCT-000002,2026-08-02,19,6,38
OBS-44-2-5,1,HCP-000044,PRODUCT-000002,2026-08-09,2,0,4
OBS-44-2-6,1,HCP-000044,PRODUCT-000002,2026-08-16,10,3,20
OBS-44-2-7,1,HCP-000044,PRODUCT-000002,2026-08-23,18,6,36
OBS-44-2-8,1,HCP-000044,PRODUCT-000002,2026-08-30,18,6,36
OBS-44-2-9,1,HCP-000044,PRODUCT-000002,2026-09-06,32,10,64
OBS-44-3-0,1,HCP-000044,PRODUCT-000003,2026-07-05,29,9,58
OBS-44-3-1,1,HCP-000044,PRODUCT-000003,2026-07-12,9,3,18
OBS-44-3-2,1,HCP-000044,PRODUCT-000003,2026-07-19,14,4,28
OBS-44-3-3,1,HCP-000044,PRODUCT-000003,2026-07-26,4,1,8
OBS-44-3-4,1,HCP-000044,PRODUCT-000003,2026-08-02,1,0,2
OBS-44-3-5,1,HCP-000044,PRODUCT-000003,2026-08-09,30,10,60
OBS-44-3-6,1,HCP-000044,PRODUCT-000003,2026-08-16,10,3,20
OBS-44-3-7,1,HCP-000044,PRODUCT-000003,2026-08-23,4,1,8
OBS-44-3-8,1,HCP-000044,PRODUCT-000003,2026-08-30,37,12,74
OBS-44-3-9,1,HCP-000044,PRODUCT-000003,2026-09-06,21,7,42
OBS-44-4-0,1,HCP-000044,PRODUCT-000004,2026-07-05,39,13,78
OBS-44-4-1,1,HCP-000044,PRODUCT-000004,2026-07-12,13,4,26
OBS-44-4-2,1,HCP-000044,PRODUCT-000004,2026-07-19,9,3,18
OBS-44-4-3,1,HCP-000044,PRODUCT-000004,2026-07-26,10,3,20
OBS-44-4-4,1,HCP-000044,PRODUCT-000004,2026-08-02,29,9,58
OBS-44-4-5,1,HCP-000044,PRODUCT-000004,2026-08-09,12,4,24
OBS-44-4-6,1,HCP-000044,PRODUCT-000004,2026-08-16,38,12,76
OBS-44-4-7,1,HCP-000044,PRODUCT-000004,2026-08-23,3,1,6
OBS-44-4-8,1,HCP-000044,PRODUCT-000004,2026-08-30,34,11,68
OBS-44-4-9,1,HCP-000044,PRODUCT-000004,2026-09-06,31,10,62
OBS-45-1-0,1,HCP-000045,PRODUCT-000001,2026-07-05,13,4,26
OBS-45-1-1,1,HCP-000045,PRODUCT-000001,2026-07-12,22,7,44
OBS-45-1-2,1,HCP-000045,PRODUCT-000001,2026-07-19,1,0,2
OBS-45-1-3,1,HCP-000045,PRODUCT-000001,2026-07-26,9,3,18
OBS-45-1-4,1,HCP-000045,PRODUCT-000001,2026-08-02,22,7,44
OBS-45-1-5,1,HCP-000045,PRODUCT-000001,2026-08-09,26,8,52
OBS-45-1-6,1,HCP-000045,PRODUCT-000001,2026-08-16,3,1,6
OBS-45-1-7,1,HCP-000045,PRODUCT-000001,2026-08-23,21,7,42
OBS-45-1-8,1,HCP-000045,PRODUCT-000001,2026-08-30,13,4,26
OBS-45-1-9,1,HCP-000045,PRODUCT-000001,2026-09-06,5,1,10
OBS-45-2-0,1,HCP-000045,PRODUCT-000002,2026-07-05,21,7,42
OBS-45-2-1,1,HCP-000045,PRODUCT-000002,2026-07-12,21,7,42
OBS-45-2-2,1,HCP-000045,PRODUCT-000002,2026-07-19,1,0,2
OBS-45-2-3,1,HCP-000045,PRODUCT-000002,2026-07-26,18,6,36
OBS-45-2-4,1,HCP-000045,PRODUCT-000002,2026-08-02,30,10,60
OBS-45-2-5,1,HCP-000045,PRODUCT-000002,2026-08-09,37,12,74
OBS-45-2-6,1,HCP-000045,PRODUCT-000002,2026-08-16,10,3,20
OBS-45-2-7,1,HCP-000045,PRODUCT-000002,2026-08-23,21,7,42
OBS-45-2-8,1,HCP-000045,PRODUCT-000002,2026-08-30,5,1,10
OBS-45-2-9,1,HCP-000045,PRODUCT-000002,2026-09-06,3,1,6
OBS-45-3-0,1,HCP-000045,PRODUCT-000003,2026-07-05,38,12,76
OBS-45-3-1,1,HCP-000045,PRODUCT-000003,2026-07-12,11,3,22
OBS-45-3-2,1,HCP-000045,PRODUCT-000003,2026-07-19,19,6,38
OBS-45-3-3,1,HCP-000045,PRODUCT-000003,2026-07-26,32,10,64
OBS-45-3-4,1,HCP-000045,PRODUCT-000003,2026-08-02,12,4,24
OBS-45-3-5,1,HCP-000045,PRODUCT-000003,2026-08-09,5,1,10
OBS-45-3-6,1,HCP-000045,PRODUCT-000003,2026-08-16,20,6,40
OBS-45-3-7,1,HCP-000045,PRODUCT-000003,2026-08-23,8,2,16
OBS-45-3-8,1,HCP-000045,PRODUCT-000003,2026-08-30,5,1,10
OBS-45-3-9,1,HCP-000045,PRODUCT-000003,2026-09-06,19,6,38
OBS-45-4-0,1,HCP-000045,PRODUCT-000004,2026-07-05,1,0,2
OBS-45-4-1,1,HCP-000045,PRODUCT-000004,2026-07-12,22,7,44
OBS-45-4-2,1,HCP-000045,PRODUCT-000004,2026-07-19,14,4,28
OBS-45-4-3,1,HCP-000045,PRODUCT-000004,2026-07-26,13,4,26
OBS-45-4-4,1,HCP-000045,PRODUCT-000004,2026-08-02,19,6,38
OBS-45-4-5,1,HCP-000045,PRODUCT-000004,2026-08-09,37,12,74
OBS-45-4-6,1,HCP-000045,PRODUCT-000004,2026-08-16,10,3,20
OBS-45-4-7,1,HCP-000045,PRODUCT-000004,2026-08-23,9,3,18
OBS-45-4-8,1,HCP-000045,PRODUCT-000004,2026-08-30,29,9,58
OBS-45-4-9,1,HCP-000045,PRODUCT-000004,2026-09-06,26,8,52
OBS-46-1-0,1,HCP-000046,PRODUCT-000001,2026-07-05,1,0,2
OBS-46-1-1,1,HCP-000046,PRODUCT-000001,2026-07-12,15,5,30
OBS-46-1-2,1,HCP-000046,PRODUCT-000001,2026-07-19,15,5,30
OBS-46-1-3,1,HCP-000046,PRODUCT-000001,2026-07-26,11,3,22
OBS-46-1-4,1,HCP-000046,PRODUCT-000001,2026-08-02,23,7,46
OBS-46-1-5,1,HCP-000046,PRODUCT-000001,2026-08-09,17,5,34
OBS-46-1-6,1,HCP-000046,PRODUCT-000001,2026-08-16,8,2,16
OBS-46-1-7,1,HCP-000046,PRODUCT-000001,2026-08-23,11,3,22
OBS-46-1-8,1,HCP-000046,PRODUCT-000001,2026-08-30,25,8,50
OBS-46-1-9,1,HCP-000046,PRODUCT-000001,2026-09-06,35,11,70
OBS-46-2-0,1,HCP-000046,PRODUCT-000002,2026-07-05,31,10,62
OBS-46-2-1,1,HCP-000046,PRODUCT-000002,2026-07-12,21,7,42
OBS-46-2-2,1,HCP-000046,PRODUCT-000002,2026-07-19,3,1,6
OBS-46-2-3,1,HCP-000046,PRODUCT-000002,2026-07-26,33,11,66
OBS-46-2-4,1,HCP-000046,PRODUCT-000002,2026-08-02,28,9,56
OBS-46-2-5,1,HCP-000046,PRODUCT-000002,2026-08-09,20,6,40
OBS-46-2-6,1,HCP-000046,PRODUCT-000002,2026-08-16,23,7,46
OBS-46-2-7,1,HCP-000046,PRODUCT-000002,2026-08-23,19,6,38
OBS-46-2-8,1,HCP-000046,PRODUCT-000002,2026-08-30,13,4,26
OBS-46-2-9,1,HCP-000046,PRODUCT-000002,2026-09-06,1,0,2
OBS-46-3-0,1,HCP-000046,PRODUCT-000003,2026-07-05,30,10,60
OBS-46-3-1,1,HCP-000046,PRODUCT-000003,2026-07-12,23,7,46
OBS-46-3-2,1,HCP-000046,PRODUCT-000003,2026-07-19,15,5,30
OBS-46-3-3,1,HCP-000046,PRODUCT-000003,2026-07-26,31,10,62
OBS-46-3-4,1,HCP-000046,PRODUCT-000003,2026-08-02,28,9,56
OBS-46-3-5,1,HCP-000046,PRODUCT-000003,2026-08-09,24,8,48
OBS-46-3-6,1,HCP-000046,PRODUCT-000003,2026-08-16,18,6,36
OBS-46-3-7,1,HCP-000046,PRODUCT-000003,2026-08-23,30,10,60
OBS-46-3-8,1,HCP-000046,PRODUCT-000003,2026-08-30,22,7,44
OBS-46-3-9,1,HCP-000046,PRODUCT-000003,2026-09-06,14,4,28
OBS-46-4-0,1,HCP-000046,PRODUCT-000004,2026-07-05,39,13,78
OBS-46-4-1,1,HCP-000046,PRODUCT-000004,2026-07-12,12,4,24
OBS-46-4-2,1,HCP-000046,PRODUCT-000004,2026-07-19,39,13,78
OBS-46-4-3,1,HCP-000046,PRODUCT-000004,2026-07-26,39,13,78
OBS-46-4-4,1,HCP-000046,PRODUCT-000004,2026-08-02,20,6,40
OBS-46-4-5,1,HCP-000046,PRODUCT-000004,2026-08-09,23,7,46
OBS-46-4-6,1,HCP-000046,PRODUCT-000004,2026-08-16,2,0,4
OBS-46-4-7,1,HCP-000046,PRODUCT-000004,2026-08-23,18,6,36
OBS-46-4-8,1,HCP-000046,PRODUCT-000004,2026-08-30,16,5,32
OBS-46-4-9,1,HCP-000046,PRODUCT-000004,2026-09-06,20,6,40
OBS-47-1-0,1,HCP-000047,PRODUCT-000001,2026-07-05,35,11,70
OBS-47-1-1,1,HCP-000047,PRODUCT-000001,2026-07-12,34,11,68
OBS-47-1-2,1,HCP-000047,PRODUCT-000001,2026-07-19,39,13,78
OBS-47-1-3,1,HCP-000047,PRODUCT-000001,2026-07-26,35,11,70
OBS-47-1-4,1,HCP-000047,PRODUCT-000001,2026-08-02,10,3,20
OBS-47-1-5,1,HCP-000047,PRODUCT-000001,2026-08-09,6,2,12
OBS-47-1-6,1,HCP-000047,PRODUCT-000001,2026-08-16,32,10,64
OBS-47-1-7,1,HCP-000047,PRODUCT-000001,2026-08-23,3,1,6
OBS-47-1-8,1,HCP-000047,PRODUCT-000001,2026-08-30,10,3,20
OBS-47-1-9,1,HCP-000047,PRODUCT-000001,2026-09-06,19,6,38
OBS-47-2-0,1,HCP-000047,PRODUCT-000002,2026-07-05,13,4,26
OBS-47-2-1,1,HCP-000047,PRODUCT-000002,2026-07-12,3,1,6
OBS-47-2-2,1,HCP-000047,PRODUCT-000002,2026-07-19,26,8,52
OBS-47-2-3,1,HCP-000047,PRODUCT-000002,2026-07-26,20,6,40
OBS-47-2-4,1,HCP-000047,PRODUCT-000002,2026-08-02,8,2,16
OBS-47-2-5,1,HCP-000047,PRODUCT-000002,2026-08-09,16,5,32
OBS-47-2-6,1,HCP-000047,PRODUCT-000002,2026-08-16,32,10,64
OBS-47-2-7,1,HCP-000047,PRODUCT-000002,2026-08-23,2,0,4
OBS-47-2-8,1,HCP-000047,PRODUCT-000002,2026-08-30,6,2,12
OBS-47-2-9,1,HCP-000047,PRODUCT-000002,2026-09-06,13,4,26
OBS-47-3-0,1,HCP-000047,PRODUCT-000003,2026-07-05,14,4,28
OBS-47-3-1,1,HCP-000047,PRODUCT-000003,2026-07-12,39,13,78
OBS-47-3-2,1,HCP-000047,PRODUCT-000003,2026-07-19,22,7,44
OBS-47-3-3,1,HCP-000047,PRODUCT-000003,2026-07-26,21,7,42
OBS-47-3-4,1,HCP-000047,PRODUCT-000003,2026-08-02,19,6,38
OBS-47-3-5,1,HCP-000047,PRODUCT-000003,2026-08-09,29,9,58
OBS-47-3-6,1,HCP-000047,PRODUCT-000003,2026-08-16,10,3,20
OBS-47-3-7,1,HCP-000047,PRODUCT-000003,2026-08-23,37,12,74
OBS-47-3-8,1,HCP-000047,PRODUCT-000003,2026-08-30,21,7,42
OBS-47-3-9,1,HCP-000047,PRODUCT-000003,2026-09-06,30,10,60
OBS-47-4-0,1,HCP-000047,PRODUCT-000004,2026-07-05,39,13,78
OBS-47-4-1,1,HCP-000047,PRODUCT-000004,2026-07-12,13,4,26
OBS-47-4-2,1,HCP-000047,PRODUCT-000004,2026-07-19,9,3,18
OBS-47-4-3,1,HCP-000047,PRODUCT-000004,2026-07-26,16,5,32
OBS-47-4-4,1,HCP-000047,PRODUCT-000004,2026-08-02,13,4,26
OBS-47-4-5,1,HCP-000047,PRODUCT-000004,2026-08-09,24,8,48
OBS-47-4-6,1,HCP-000047,PRODUCT-000004,2026-08-16,17,5,34
OBS-47-4-7,1,HCP-000047,PRODUCT-000004,2026-08-23,34,11,68
OBS-47-4-8,1,HCP-000047,PRODUCT-000004,2026-08-30,22,7,44
OBS-47-4-9,1,HCP-000047,PRODUCT-000004,2026-09-06,1,0,2
OBS-48-1-0,1,HCP-000048,PRODUCT-000001,2026-07-05,14,4,28
OBS-48-1-1,1,HCP-000048,PRODUCT-000001,2026-07-12,29,9,58
OBS-48-1-2,1,HCP-000048,PRODUCT-000001,2026-07-19,39,13,78
OBS-48-1-3,1,HCP-000048,PRODUCT-000001,2026-07-26,33,11,66
OBS-48-1-4,1,HCP-000048,PRODUCT-000001,2026-08-02,38,12,76
OBS-48-1-5,1,HCP-000048,PRODUCT-000001,2026-08-09,11,3,22
OBS-48-1-6,1,HCP-000048,PRODUCT-000001,2026-08-16,22,7,44
OBS-48-1-7,1,HCP-000048,PRODUCT-000001,2026-08-23,14,4,28
OBS-48-1-8,1,HCP-000048,PRODUCT-000001,2026-08-30,39,13,78
OBS-48-1-9,1,HCP-000048,PRODUCT-000001,2026-09-06,6,2,12
OBS-48-2-0,1,HCP-000048,PRODUCT-000002,2026-07-05,30,10,60
OBS-48-2-1,1,HCP-000048,PRODUCT-000002,2026-07-12,17,5,34
OBS-48-2-2,1,HCP-000048,PRODUCT-000002,2026-07-19,33,11,66
OBS-48-2-3,1,HCP-000048,PRODUCT-000002,2026-07-26,20,6,40
OBS-48-2-4,1,HCP-000048,PRODUCT-000002,2026-08-02,12,4,24
OBS-48-2-5,1,HCP-000048,PRODUCT-000002,2026-08-09,20,6,40
OBS-48-2-6,1,HCP-000048,PRODUCT-000002,2026-08-16,34,11,68
OBS-48-2-7,1,HCP-000048,PRODUCT-000002,2026-08-23,38,12,76
OBS-48-2-8,1,HCP-000048,PRODUCT-000002,2026-08-30,34,11,68
OBS-48-2-9,1,HCP-000048,PRODUCT-000002,2026-09-06,15,5,30
OBS-48-3-0,1,HCP-000048,PRODUCT-000003,2026-07-05,32,10,64
OBS-48-3-1,1,HCP-000048,PRODUCT-000003,2026-07-12,11,3,22
OBS-48-3-2,1,HCP-000048,PRODUCT-000003,2026-07-19,8,2,16
OBS-48-3-3,1,HCP-000048,PRODUCT-000003,2026-07-26,30,10,60
OBS-48-3-4,1,HCP-000048,PRODUCT-000003,2026-08-02,28,9,56
OBS-48-3-5,1,HCP-000048,PRODUCT-000003,2026-08-09,29,9,58
OBS-48-3-6,1,HCP-000048,PRODUCT-000003,2026-08-16,8,2,16
OBS-48-3-7,1,HCP-000048,PRODUCT-000003,2026-08-23,21,7,42
OBS-48-3-8,1,HCP-000048,PRODUCT-000003,2026-08-30,18,6,36
OBS-48-3-9,1,HCP-000048,PRODUCT-000003,2026-09-06,27,9,54
OBS-48-4-0,1,HCP-000048,PRODUCT-000004,2026-07-05,16,5,32
OBS-48-4-1,1,HCP-000048,PRODUCT-000004,2026-07-12,6,2,12
OBS-48-4-2,1,HCP-000048,PRODUCT-000004,2026-07-19,31,10,62
OBS-48-4-3,1,HCP-000048,PRODUCT-000004,2026-07-26,31,10,62
OBS-48-4-4,1,HCP-000048,PRODUCT-000004,2026-08-02,1,0,2
OBS-48-4-5,1,HCP-000048,PRODUCT-000004,2026-08-09,23,7,46
OBS-48-4-6,1,HCP-000048,PRODUCT-000004,2026-08-16,24,8,48
OBS-48-4-7,1,HCP-000048,PRODUCT-000004,2026-08-23,33,11,66
OBS-48-4-8,1,HCP-000048,PRODUCT-000004,2026-08-30,1,0,2
OBS-48-4-9,1,HCP-000048,PRODUCT-000004,2026-09-06,12,4,24
OBS-49-1-0,1,HCP-000049,PRODUCT-000001,2026-07-05,4,1,8
OBS-49-1-1,1,HCP-000049,PRODUCT-000001,2026-07-12,6,2,12
OBS-49-1-2,1,HCP-000049,PRODUCT-000001,2026-07-19,18,6,36
OBS-49-1-3,1,HCP-000049,PRODUCT-000001,2026-07-26,2,0,4
OBS-49-1-4,1,HCP-000049,PRODUCT-000001,2026-08-02,17,5,34
OBS-49-1-5,1,HCP-000049,PRODUCT-000001,2026-08-09,10,3,20
OBS-49-1-6,1,HCP-000049,PRODUCT-000001,2026-08-16,10,3,20
OBS-49-1-7,1,HCP-000049,PRODUCT-000001,2026-08-23,9,3,18
OBS-49-1-8,1,HCP-000049,PRODUCT-000001,2026-08-30,5,1,10
OBS-49-1-9,1,HCP-000049,PRODUCT-000001,2026-09-06,10,3,20
OBS-49-2-0,1,HCP-000049,PRODUCT-000002,2026-07-05,2,0,4
OBS-49-2-1,1,HCP-000049,PRODUCT-000002,2026-07-12,30,10,60
OBS-49-2-2,1,HCP-000049,PRODUCT-000002,2026-07-19,13,4,26
OBS-49-2-3,1,HCP-000049,PRODUCT-000002,2026-07-26,30,10,60
OBS-49-2-4,1,HCP-000049,PRODUCT-000002,2026-08-02,7,2,14
OBS-49-2-5,1,HCP-000049,PRODUCT-000002,2026-08-09,30,10,60
OBS-49-2-6,1,HCP-000049,PRODUCT-000002,2026-08-16,8,2,16
OBS-49-2-7,1,HCP-000049,PRODUCT-000002,2026-08-23,30,10,60
OBS-49-2-8,1,HCP-000049,PRODUCT-000002,2026-08-30,5,1,10
OBS-49-2-9,1,HCP-000049,PRODUCT-000002,2026-09-06,1,0,2
OBS-49-3-0,1,HCP-000049,PRODUCT-000003,2026-07-05,6,2,12
OBS-49-3-1,1,HCP-000049,PRODUCT-000003,2026-07-12,31,10,62
OBS-49-3-2,1,HCP-000049,PRODUCT-000003,2026-07-19,1,0,2
OBS-49-3-3,1,HCP-000049,PRODUCT-000003,2026-07-26,12,4,24
OBS-49-3-4,1,HCP-000049,PRODUCT-000003,2026-08-02,29,9,58
OBS-49-3-5,1,HCP-000049,PRODUCT-000003,2026-08-09,34,11,68
OBS-49-3-6,1,HCP-000049,PRODUCT-000003,2026-08-16,24,8,48
OBS-49-3-7,1,HCP-000049,PRODUCT-000003,2026-08-23,3,1,6
OBS-49-3-8,1,HCP-000049,PRODUCT-000003,2026-08-30,4,1,8
OBS-49-3-9,1,HCP-000049,PRODUCT-000003,2026-09-06,2,0,4
OBS-49-4-0,1,HCP-000049,PRODUCT-000004,2026-07-05,23,7,46
OBS-49-4-1,1,HCP-000049,PRODUCT-000004,2026-07-12,5,1,10
OBS-49-4-2,1,HCP-000049,PRODUCT-000004,2026-07-19,11,3,22
OBS-49-4-3,1,HCP-000049,PRODUCT-000004,2026-07-26,8,2,16
OBS-49-4-4,1,HCP-000049,PRODUCT-000004,2026-08-02,1,0,2
OBS-49-4-5,1,HCP-000049,PRODUCT-000004,2026-08-09,34,11,68
OBS-49-4-6,1,HCP-000049,PRODUCT-000004,2026-08-16,14,4,28
OBS-49-4-7,1,HCP-000049,PRODUCT-000004,2026-08-23,8,2,16
OBS-49-4-8,1,HCP-000049,PRODUCT-000004,2026-08-30,14,4,28
OBS-49-4-9,1,HCP-000049,PRODUCT-000004,2026-09-06,17,5,34
OBS-50-1-0,1,HCP-000050,PRODUCT-000001,2026-07-05,8,2,16
OBS-50-1-1,1,HCP-000050,PRODUCT-000001,2026-07-12,11,3,22
OBS-50-1-2,1,HCP-000050,PRODUCT-000001,2026-07-19,20,6,40
OBS-50-1-3,1,HCP-000050,PRODUCT-000001,2026-07-26,28,9,56
OBS-50-1-4,1,HCP-000050,PRODUCT-000001,2026-08-02,31,10,62
OBS-50-1-5,1,HCP-000050,PRODUCT-000001,2026-08-09,35,11,70
OBS-50-1-6,1,HCP-000050,PRODUCT-000001,2026-08-16,21,7,42
OBS-50-1-7,1,HCP-000050,PRODUCT-000001,2026-08-23,32,10,64
OBS-50-1-8,1,HCP-000050,PRODUCT-000001,2026-08-30,21,7,42
OBS-50-1-9,1,HCP-000050,PRODUCT-000001,2026-09-06,35,11,70
OBS-50-2-0,1,HCP-000050,PRODUCT-000002,2026-07-05,24,8,48
OBS-50-2-1,1,HCP-000050,PRODUCT-000002,2026-07-12,11,3,22
OBS-50-2-2,1,HCP-000050,PRODUCT-000002,2026-07-19,12,4,24
OBS-50-2-3,1,HCP-000050,PRODUCT-000002,2026-07-26,37,12,74
OBS-50-2-4,1,HCP-000050,PRODUCT-000002,2026-08-02,18,6,36
OBS-50-2-5,1,HCP-000050,PRODUCT-000002,2026-08-09,34,11,68
OBS-50-2-6,1,HCP-000050,PRODUCT-000002,2026-08-16,16,5,32
OBS-50-2-7,1,HCP-000050,PRODUCT-000002,2026-08-23,30,10,60
OBS-50-2-8,1,HCP-000050,PRODUCT-000002,2026-08-30,2,0,4
OBS-50-2-9,1,HCP-000050,PRODUCT-000002,2026-09-06,14,4,28
OBS-50-3-0,1,HCP-000050,PRODUCT-000003,2026-07-05,37,12,74
OBS-50-3-1,1,HCP-000050,PRODUCT-000003,2026-07-12,10,3,20
OBS-50-3-2,1,HCP-000050,PRODUCT-000003,2026-07-19,25,8,50
OBS-50-3-3,1,HCP-000050,PRODUCT-000003,2026-07-26,22,7,44
OBS-50-3-4,1,HCP-000050,PRODUCT-000003,2026-08-02,31,10,62
OBS-50-3-5,1,HCP-000050,PRODUCT-000003,2026-08-09,5,1,10
OBS-50-3-6,1,HCP-000050,PRODUCT-000003,2026-08-16,35,11,70
OBS-50-3-7,1,HCP-000050,PRODUCT-000003,2026-08-23,35,11,70
OBS-50-3-8,1,HCP-000050,PRODUCT-000003,2026-08-30,13,4,26
OBS-50-3-9,1,HCP-000050,PRODUCT-000003,2026-09-06,29,9,58
OBS-50-4-0,1,HCP-000050,PRODUCT-000004,2026-07-05,10,3,20
OBS-50-4-1,1,HCP-000050,PRODUCT-000004,2026-07-12,39,13,78
OBS-50-4-2,1,HCP-000050,PRODUCT-000004,2026-07-19,2,0,4
OBS-50-4-3,1,HCP-000050,PRODUCT-000004,2026-07-26,9,3,18
OBS-50-4-4,1,HCP-000050,PRODUCT-000004,2026-08-02,1,0,2
OBS-50-4-5,1,HCP-000050,PRODUCT-000004,2026-08-09,10,3,20
OBS-50-4-6,1,HCP-000050,PRODUCT-000004,2026-08-16,32,10,64
OBS-50-4-7,1,HCP-000050,PRODUCT-000004,2026-08-23,26,8,52
OBS-50-4-8,1,HCP-000050,PRODUCT-000004,2026-08-30,13,4,26
OBS-50-4-9,1,HCP-000050,PRODUCT-000004,2026-09-06,4,1,8
OBS-51-1-0,1,HCP-000051,PRODUCT-000001,2026-07-05,38,12,76
OBS-51-1-1,1,HCP-000051,PRODUCT-000001,2026-07-12,7,2,14
OBS-51-1-2,1,HCP-000051,PRODUCT-000001,2026-07-19,32,10,64
OBS-51-1-3,1,HCP-000051,PRODUCT-000001,2026-07-26,15,5,30
OBS-51-1-4,1,HCP-000051,PRODUCT-000001,2026-08-02,24,8,48
OBS-51-1-5,1,HCP-000051,PRODUCT-000001,2026-08-09,37,12,74
OBS-51-1-6,1,HCP-000051,PRODUCT-000001,2026-08-16,17,5,34
OBS-51-1-7,1,HCP-000051,PRODUCT-000001,2026-08-23,7,2,14
OBS-51-1-8,1,HCP-000051,PRODUCT-000001,2026-08-30,12,4,24
OBS-51-1-9,1,HCP-000051,PRODUCT-000001,2026-09-06,35,11,70
OBS-51-2-0,1,HCP-000051,PRODUCT-000002,2026-07-05,36,12,72
OBS-51-2-1,1,HCP-000051,PRODUCT-000002,2026-07-12,2,0,4
OBS-51-2-2,1,HCP-000051,PRODUCT-000002,2026-07-19,14,4,28
OBS-51-2-3,1,HCP-000051,PRODUCT-000002,2026-07-26,39,13,78
OBS-51-2-4,1,HCP-000051,PRODUCT-000002,2026-08-02,22,7,44
OBS-51-2-5,1,HCP-000051,PRODUCT-000002,2026-08-09,3,1,6
OBS-51-2-6,1,HCP-000051,PRODUCT-000002,2026-08-16,4,1,8
OBS-51-2-7,1,HCP-000051,PRODUCT-000002,2026-08-23,24,8,48
OBS-51-2-8,1,HCP-000051,PRODUCT-000002,2026-08-30,2,0,4
OBS-51-2-9,1,HCP-000051,PRODUCT-000002,2026-09-06,4,1,8
OBS-51-3-0,1,HCP-000051,PRODUCT-000003,2026-07-05,31,10,62
OBS-51-3-1,1,HCP-000051,PRODUCT-000003,2026-07-12,36,12,72
OBS-51-3-2,1,HCP-000051,PRODUCT-000003,2026-07-19,4,1,8
OBS-51-3-3,1,HCP-000051,PRODUCT-000003,2026-07-26,7,2,14
OBS-51-3-4,1,HCP-000051,PRODUCT-000003,2026-08-02,39,13,78
OBS-51-3-5,1,HCP-000051,PRODUCT-000003,2026-08-09,26,8,52
OBS-51-3-6,1,HCP-000051,PRODUCT-000003,2026-08-16,12,4,24
OBS-51-3-7,1,HCP-000051,PRODUCT-000003,2026-08-23,29,9,58
OBS-51-3-8,1,HCP-000051,PRODUCT-000003,2026-08-30,20,6,40
OBS-51-3-9,1,HCP-000051,PRODUCT-000003,2026-09-06,18,6,36
OBS-51-4-0,1,HCP-000051,PRODUCT-000004,2026-07-05,2,0,4
OBS-51-4-1,1,HCP-000051,PRODUCT-000004,2026-07-12,3,1,6
OBS-51-4-2,1,HCP-000051,PRODUCT-000004,2026-07-19,14,4,28
OBS-51-4-3,1,HCP-000051,PRODUCT-000004,2026-07-26,18,6,36
OBS-51-4-4,1,HCP-000051,PRODUCT-000004,2026-08-02,18,6,36
OBS-51-4-5,1,HCP-000051,PRODUCT-000004,2026-08-09,5,1,10
OBS-51-4-6,1,HCP-000051,PRODUCT-000004,2026-08-16,32,10,64
OBS-51-4-7,1,HCP-000051,PRODUCT-000004,2026-08-23,19,6,38
OBS-51-4-8,1,HCP-000051,PRODUCT-000004,2026-08-30,11,3,22
OBS-51-4-9,1,HCP-000051,PRODUCT-000004,2026-09-06,14,4,28
OBS-52-1-0,1,HCP-000052,PRODUCT-000001,2026-07-05,18,6,36
OBS-52-1-1,1,HCP-000052,PRODUCT-000001,2026-07-12,26,8,52
OBS-52-1-2,1,HCP-000052,PRODUCT-000001,2026-07-19,35,11,70
OBS-52-1-3,1,HCP-000052,PRODUCT-000001,2026-07-26,39,13,78
OBS-52-1-4,1,HCP-000052,PRODUCT-000001,2026-08-02,8,2,16
OBS-52-1-5,1,HCP-000052,PRODUCT-000001,2026-08-09,36,12,72
OBS-52-1-6,1,HCP-000052,PRODUCT-000001,2026-08-16,31,10,62
OBS-52-1-7,1,HCP-000052,PRODUCT-000001,2026-08-23,26,8,52
OBS-52-1-8,1,HCP-000052,PRODUCT-000001,2026-08-30,22,7,44
OBS-52-1-9,1,HCP-000052,PRODUCT-000001,2026-09-06,12,4,24
OBS-52-2-0,1,HCP-000052,PRODUCT-000002,2026-07-05,33,11,66
OBS-52-2-1,1,HCP-000052,PRODUCT-000002,2026-07-12,20,6,40
OBS-52-2-2,1,HCP-000052,PRODUCT-000002,2026-07-19,39,13,78
OBS-52-2-3,1,HCP-000052,PRODUCT-000002,2026-07-26,3,1,6
OBS-52-2-4,1,HCP-000052,PRODUCT-000002,2026-08-02,22,7,44
OBS-52-2-5,1,HCP-000052,PRODUCT-000002,2026-08-09,27,9,54
OBS-52-2-6,1,HCP-000052,PRODUCT-000002,2026-08-16,14,4,28
OBS-52-2-7,1,HCP-000052,PRODUCT-000002,2026-08-23,35,11,70
OBS-52-2-8,1,HCP-000052,PRODUCT-000002,2026-08-30,13,4,26
OBS-52-2-9,1,HCP-000052,PRODUCT-000002,2026-09-06,27,9,54
OBS-52-3-0,1,HCP-000052,PRODUCT-000003,2026-07-05,29,9,58
OBS-52-3-1,1,HCP-000052,PRODUCT-000003,2026-07-12,2,0,4
OBS-52-3-2,1,HCP-000052,PRODUCT-000003,2026-07-19,8,2,16
OBS-52-3-3,1,HCP-000052,PRODUCT-000003,2026-07-26,30,10,60
OBS-52-3-4,1,HCP-000052,PRODUCT-000003,2026-08-02,13,4,26
OBS-52-3-5,1,HCP-000052,PRODUCT-000003,2026-08-09,12,4,24
OBS-52-3-6,1,HCP-000052,PRODUCT-000003,2026-08-16,36,12,72
OBS-52-3-7,1,HCP-000052,PRODUCT-000003,2026-08-23,10,3,20
OBS-52-3-8,1,HCP-000052,PRODUCT-000003,2026-08-30,39,13,78
OBS-52-3-9,1,HCP-000052,PRODUCT-000003,2026-09-06,1,0,2
OBS-52-4-0,1,HCP-000052,PRODUCT-000004,2026-07-05,35,11,70
OBS-52-4-1,1,HCP-000052,PRODUCT-000004,2026-07-12,25,8,50
OBS-52-4-2,1,HCP-000052,PRODUCT-000004,2026-07-19,31,10,62
OBS-52-4-3,1,HCP-000052,PRODUCT-000004,2026-07-26,31,10,62
OBS-52-4-4,1,HCP-000052,PRODUCT-000004,2026-08-02,37,12,74
OBS-52-4-5,1,HCP-000052,PRODUCT-000004,2026-08-09,2,0,4
OBS-52-4-6,1,HCP-000052,PRODUCT-000004,2026-08-16,5,1,10
OBS-52-4-7,1,HCP-000052,PRODUCT-000004,2026-08-23,23,7,46
OBS-52-4-8,1,HCP-000052,PRODUCT-000004,2026-08-30,32,10,64
OBS-52-4-9,1,HCP-000052,PRODUCT-000004,2026-09-06,20,6,40
OBS-53-1-0,1,HCP-000053,PRODUCT-000001,2026-07-05,2,0,4
OBS-53-1-1,1,HCP-000053,PRODUCT-000001,2026-07-12,32,10,64
OBS-53-1-2,1,HCP-000053,PRODUCT-000001,2026-07-19,15,5,30
OBS-53-1-3,1,HCP-000053,PRODUCT-000001,2026-07-26,14,4,28
OBS-53-1-4,1,HCP-000053,PRODUCT-000001,2026-08-02,29,9,58
OBS-53-1-5,1,HCP-000053,PRODUCT-000001,2026-08-09,33,11,66
OBS-53-1-6,1,HCP-000053,PRODUCT-000001,2026-08-16,39,13,78
OBS-53-1-7,1,HCP-000053,PRODUCT-000001,2026-08-23,18,6,36
OBS-53-1-8,1,HCP-000053,PRODUCT-000001,2026-08-30,5,1,10
OBS-53-1-9,1,HCP-000053,PRODUCT-000001,2026-09-06,33,11,66
OBS-53-2-0,1,HCP-000053,PRODUCT-000002,2026-07-05,39,13,78
OBS-53-2-1,1,HCP-000053,PRODUCT-000002,2026-07-12,24,8,48
OBS-53-2-2,1,HCP-000053,PRODUCT-000002,2026-07-19,20,6,40
OBS-53-2-3,1,HCP-000053,PRODUCT-000002,2026-07-26,37,12,74
OBS-53-2-4,1,HCP-000053,PRODUCT-000002,2026-08-02,17,5,34
OBS-53-2-5,1,HCP-000053,PRODUCT-000002,2026-08-09,31,10,62
OBS-53-2-6,1,HCP-000053,PRODUCT-000002,2026-08-16,14,4,28
OBS-53-2-7,1,HCP-000053,PRODUCT-000002,2026-08-23,29,9,58
OBS-53-2-8,1,HCP-000053,PRODUCT-000002,2026-08-30,37,12,74
OBS-53-2-9,1,HCP-000053,PRODUCT-000002,2026-09-06,29,9,58
OBS-53-3-0,1,HCP-000053,PRODUCT-000003,2026-07-05,38,12,76
OBS-53-3-1,1,HCP-000053,PRODUCT-000003,2026-07-12,35,11,70
OBS-53-3-2,1,HCP-000053,PRODUCT-000003,2026-07-19,34,11,68
OBS-53-3-3,1,HCP-000053,PRODUCT-000003,2026-07-26,35,11,70
OBS-53-3-4,1,HCP-000053,PRODUCT-000003,2026-08-02,29,9,58
OBS-53-3-5,1,HCP-000053,PRODUCT-000003,2026-08-09,20,6,40
OBS-53-3-6,1,HCP-000053,PRODUCT-000003,2026-08-16,7,2,14
OBS-53-3-7,1,HCP-000053,PRODUCT-000003,2026-08-23,30,10,60
OBS-53-3-8,1,HCP-000053,PRODUCT-000003,2026-08-30,7,2,14
OBS-53-3-9,1,HCP-000053,PRODUCT-000003,2026-09-06,23,7,46
OBS-53-4-0,1,HCP-000053,PRODUCT-000004,2026-07-05,8,2,16
OBS-53-4-1,1,HCP-000053,PRODUCT-000004,2026-07-12,11,3,22
OBS-53-4-2,1,HCP-000053,PRODUCT-000004,2026-07-19,22,7,44
OBS-53-4-3,1,HCP-000053,PRODUCT-000004,2026-07-26,37,12,74
OBS-53-4-4,1,HCP-000053,PRODUCT-000004,2026-08-02,22,7,44
OBS-53-4-5,1,HCP-000053,PRODUCT-000004,2026-08-09,38,12,76
OBS-53-4-6,1,HCP-000053,PRODUCT-000004,2026-08-16,7,2,14
OBS-53-4-7,1,HCP-000053,PRODUCT-000004,2026-08-23,34,11,68
OBS-53-4-8,1,HCP-000053,PRODUCT-000004,2026-08-30,29,9,58
OBS-53-4-9,1,HCP-000053,PRODUCT-000004,2026-09-06,6,2,12
OBS-54-1-0,1,HCP-000054,PRODUCT-000001,2026-07-05,37,12,74
OBS-54-1-1,1,HCP-000054,PRODUCT-000001,2026-07-12,19,6,38
OBS-54-1-2,1,HCP-000054,PRODUCT-000001,2026-07-19,4,1,8
OBS-54-1-3,1,HCP-000054,PRODUCT-000001,2026-07-26,32,10,64
OBS-54-1-4,1,HCP-000054,PRODUCT-000001,2026-08-02,39,13,78
OBS-54-1-5,1,HCP-000054,PRODUCT-000001,2026-08-09,21,7,42
OBS-54-1-6,1,HCP-000054,PRODUCT-000001,2026-08-16,11,3,22
OBS-54-1-7,1,HCP-000054,PRODUCT-000001,2026-08-23,2,0,4
OBS-54-1-8,1,HCP-000054,PRODUCT-000001,2026-08-30,21,7,42
OBS-54-1-9,1,HCP-000054,PRODUCT-000001,2026-09-06,7,2,14
OBS-54-2-0,1,HCP-000054,PRODUCT-000002,2026-07-05,19,6,38
OBS-54-2-1,1,HCP-000054,PRODUCT-000002,2026-07-12,22,7,44
OBS-54-2-2,1,HCP-000054,PRODUCT-000002,2026-07-19,3,1,6
OBS-54-2-3,1,HCP-000054,PRODUCT-000002,2026-07-26,39,13,78
OBS-54-2-4,1,HCP-000054,PRODUCT-000002,2026-08-02,22,7,44
OBS-54-2-5,1,HCP-000054,PRODUCT-000002,2026-08-09,29,9,58
OBS-54-2-6,1,HCP-000054,PRODUCT-000002,2026-08-16,3,1,6
OBS-54-2-7,1,HCP-000054,PRODUCT-000002,2026-08-23,38,12,76
OBS-54-2-8,1,HCP-000054,PRODUCT-000002,2026-08-30,20,6,40
OBS-54-2-9,1,HCP-000054,PRODUCT-000002,2026-09-06,24,8,48
OBS-54-3-0,1,HCP-000054,PRODUCT-000003,2026-07-05,1,0,2
OBS-54-3-1,1,HCP-000054,PRODUCT-000003,2026-07-12,33,11,66
OBS-54-3-2,1,HCP-000054,PRODUCT-000003,2026-07-19,23,7,46
OBS-54-3-3,1,HCP-000054,PRODUCT-000003,2026-07-26,6,2,12
OBS-54-3-4,1,HCP-000054,PRODUCT-000003,2026-08-02,20,6,40
OBS-54-3-5,1,HCP-000054,PRODUCT-000003,2026-08-09,21,7,42
OBS-54-3-6,1,HCP-000054,PRODUCT-000003,2026-08-16,14,4,28
OBS-54-3-7,1,HCP-000054,PRODUCT-000003,2026-08-23,38,12,76
OBS-54-3-8,1,HCP-000054,PRODUCT-000003,2026-08-30,28,9,56
OBS-54-3-9,1,HCP-000054,PRODUCT-000003,2026-09-06,29,9,58
OBS-54-4-0,1,HCP-000054,PRODUCT-000004,2026-07-05,23,7,46
OBS-54-4-1,1,HCP-000054,PRODUCT-000004,2026-07-12,34,11,68
OBS-54-4-2,1,HCP-000054,PRODUCT-000004,2026-07-19,38,12,76
OBS-54-4-3,1,HCP-000054,PRODUCT-000004,2026-07-26,31,10,62
OBS-54-4-4,1,HCP-000054,PRODUCT-000004,2026-08-02,27,9,54
OBS-54-4-5,1,HCP-000054,PRODUCT-000004,2026-08-09,3,1,6
OBS-54-4-6,1,HCP-000054,PRODUCT-000004,2026-08-16,20,6,40
OBS-54-4-7,1,HCP-000054,PRODUCT-000004,2026-08-23,24,8,48
OBS-54-4-8,1,HCP-000054,PRODUCT-000004,2026-08-30,22,7,44
OBS-54-4-9,1,HCP-000054,PRODUCT-000004,2026-09-06,23,7,46
OBS-55-1-0,1,HCP-000055,PRODUCT-000001,2026-07-05,22,7,44
OBS-55-1-1,1,HCP-000055,PRODUCT-000001,2026-07-12,9,3,18
OBS-55-1-2,1,HCP-000055,PRODUCT-000001,2026-07-19,23,7,46
OBS-55-1-3,1,HCP-000055,PRODUCT-000001,2026-07-26,10,3,20
OBS-55-1-4,1,HCP-000055,PRODUCT-000001,2026-08-02,16,5,32
OBS-55-1-5,1,HCP-000055,PRODUCT-000001,2026-08-09,36,12,72
OBS-55-1-6,1,HCP-000055,PRODUCT-000001,2026-08-16,21,7,42
OBS-55-1-7,1,HCP-000055,PRODUCT-000001,2026-08-23,1,0,2
OBS-55-1-8,1,HCP-000055,PRODUCT-000001,2026-08-30,25,8,50
OBS-55-1-9,1,HCP-000055,PRODUCT-000001,2026-09-06,5,1,10
OBS-55-2-0,1,HCP-000055,PRODUCT-000002,2026-07-05,29,9,58
OBS-55-2-1,1,HCP-000055,PRODUCT-000002,2026-07-12,21,7,42
OBS-55-2-2,1,HCP-000055,PRODUCT-000002,2026-07-19,36,12,72
OBS-55-2-3,1,HCP-000055,PRODUCT-000002,2026-07-26,18,6,36
OBS-55-2-4,1,HCP-000055,PRODUCT-000002,2026-08-02,9,3,18
OBS-55-2-5,1,HCP-000055,PRODUCT-000002,2026-08-09,28,9,56
OBS-55-2-6,1,HCP-000055,PRODUCT-000002,2026-08-16,25,8,50
OBS-55-2-7,1,HCP-000055,PRODUCT-000002,2026-08-23,5,1,10
OBS-55-2-8,1,HCP-000055,PRODUCT-000002,2026-08-30,3,1,6
OBS-55-2-9,1,HCP-000055,PRODUCT-000002,2026-09-06,36,12,72
OBS-55-3-0,1,HCP-000055,PRODUCT-000003,2026-07-05,14,4,28
OBS-55-3-1,1,HCP-000055,PRODUCT-000003,2026-07-12,10,3,20
OBS-55-3-2,1,HCP-000055,PRODUCT-000003,2026-07-19,7,2,14
OBS-55-3-3,1,HCP-000055,PRODUCT-000003,2026-07-26,39,13,78
OBS-55-3-4,1,HCP-000055,PRODUCT-000003,2026-08-02,1,0,2
OBS-55-3-5,1,HCP-000055,PRODUCT-000003,2026-08-09,29,9,58
OBS-55-3-6,1,HCP-000055,PRODUCT-000003,2026-08-16,33,11,66
OBS-55-3-7,1,HCP-000055,PRODUCT-000003,2026-08-23,34,11,68
OBS-55-3-8,1,HCP-000055,PRODUCT-000003,2026-08-30,21,7,42
OBS-55-3-9,1,HCP-000055,PRODUCT-000003,2026-09-06,31,10,62
OBS-55-4-0,1,HCP-000055,PRODUCT-000004,2026-07-05,22,7,44
OBS-55-4-1,1,HCP-000055,PRODUCT-000004,2026-07-12,29,9,58
OBS-55-4-2,1,HCP-000055,PRODUCT-000004,2026-07-19,12,4,24
OBS-55-4-3,1,HCP-000055,PRODUCT-000004,2026-07-26,36,12,72
OBS-55-4-4,1,HCP-000055,PRODUCT-000004,2026-08-02,7,2,14
OBS-55-4-5,1,HCP-000055,PRODUCT-000004,2026-08-09,15,5,30
OBS-55-4-6,1,HCP-000055,PRODUCT-000004,2026-08-16,23,7,46
OBS-55-4-7,1,HCP-000055,PRODUCT-000004,2026-08-23,11,3,22
OBS-55-4-8,1,HCP-000055,PRODUCT-000004,2026-08-30,5,1,10
OBS-55-4-9,1,HCP-000055,PRODUCT-000004,2026-09-06,16,5,32
OBS-56-1-0,1,HCP-000056,PRODUCT-000001,2026-07-05,26,8,52
OBS-56-1-1,1,HCP-000056,PRODUCT-000001,2026-07-12,31,10,62
OBS-56-1-2,1,HCP-000056,PRODUCT-000001,2026-07-19,8,2,16
OBS-56-1-3,1,HCP-000056,PRODUCT-000001,2026-07-26,20,6,40
OBS-56-1-4,1,HCP-000056,PRODUCT-000001,2026-08-02,18,6,36
OBS-56-1-5,1,HCP-000056,PRODUCT-000001,2026-08-09,28,9,56
OBS-56-1-6,1,HCP-000056,PRODUCT-000001,2026-08-16,27,9,54
OBS-56-1-7,1,HCP-000056,PRODUCT-000001,2026-08-23,23,7,46
OBS-56-1-8,1,HCP-000056,PRODUCT-000001,2026-08-30,39,13,78
OBS-56-1-9,1,HCP-000056,PRODUCT-000001,2026-09-06,11,3,22
OBS-56-2-0,1,HCP-000056,PRODUCT-000002,2026-07-05,1,0,2
OBS-56-2-1,1,HCP-000056,PRODUCT-000002,2026-07-12,35,11,70
OBS-56-2-2,1,HCP-000056,PRODUCT-000002,2026-07-19,12,4,24
OBS-56-2-3,1,HCP-000056,PRODUCT-000002,2026-07-26,15,5,30
OBS-56-2-4,1,HCP-000056,PRODUCT-000002,2026-08-02,18,6,36
OBS-56-2-5,1,HCP-000056,PRODUCT-000002,2026-08-09,36,12,72
OBS-56-2-6,1,HCP-000056,PRODUCT-000002,2026-08-16,8,2,16
OBS-56-2-7,1,HCP-000056,PRODUCT-000002,2026-08-23,25,8,50
OBS-56-2-8,1,HCP-000056,PRODUCT-000002,2026-08-30,21,7,42
OBS-56-2-9,1,HCP-000056,PRODUCT-000002,2026-09-06,7,2,14
OBS-56-3-0,1,HCP-000056,PRODUCT-000003,2026-07-05,18,6,36
OBS-56-3-1,1,HCP-000056,PRODUCT-000003,2026-07-12,28,9,56
OBS-56-3-2,1,HCP-000056,PRODUCT-000003,2026-07-19,6,2,12
OBS-56-3-3,1,HCP-000056,PRODUCT-000003,2026-07-26,7,2,14
OBS-56-3-4,1,HCP-000056,PRODUCT-000003,2026-08-02,32,10,64
OBS-56-3-5,1,HCP-000056,PRODUCT-000003,2026-08-09,29,9,58
OBS-56-3-6,1,HCP-000056,PRODUCT-000003,2026-08-16,33,11,66
OBS-56-3-7,1,HCP-000056,PRODUCT-000003,2026-08-23,21,7,42
OBS-56-3-8,1,HCP-000056,PRODUCT-000003,2026-08-30,31,10,62
OBS-56-3-9,1,HCP-000056,PRODUCT-000003,2026-09-06,38,12,76
OBS-56-4-0,1,HCP-000056,PRODUCT-000004,2026-07-05,35,11,70
OBS-56-4-1,1,HCP-000056,PRODUCT-000004,2026-07-12,16,5,32
OBS-56-4-2,1,HCP-000056,PRODUCT-000004,2026-07-19,37,12,74
OBS-56-4-3,1,HCP-000056,PRODUCT-000004,2026-07-26,34,11,68
OBS-56-4-4,1,HCP-000056,PRODUCT-000004,2026-08-02,11,3,22
OBS-56-4-5,1,HCP-000056,PRODUCT-000004,2026-08-09,6,2,12
OBS-56-4-6,1,HCP-000056,PRODUCT-000004,2026-08-16,17,5,34
OBS-56-4-7,1,HCP-000056,PRODUCT-000004,2026-08-23,20,6,40
OBS-56-4-8,1,HCP-000056,PRODUCT-000004,2026-08-30,19,6,38
OBS-56-4-9,1,HCP-000056,PRODUCT-000004,2026-09-06,26,8,52
OBS-57-1-0,1,HCP-000057,PRODUCT-000001,2026-07-05,23,7,46
OBS-57-1-1,1,HCP-000057,PRODUCT-000001,2026-07-12,32,10,64
OBS-57-1-2,1,HCP-000057,PRODUCT-000001,2026-07-19,28,9,56
OBS-57-1-3,1,HCP-000057,PRODUCT-000001,2026-07-26,9,3,18
OBS-57-1-4,1,HCP-000057,PRODUCT-000001,2026-08-02,26,8,52
OBS-57-1-5,1,HCP-000057,PRODUCT-000001,2026-08-09,27,9,54
OBS-57-1-6,1,HCP-000057,PRODUCT-000001,2026-08-16,17,5,34
OBS-57-1-7,1,HCP-000057,PRODUCT-000001,2026-08-23,28,9,56
OBS-57-1-8,1,HCP-000057,PRODUCT-000001,2026-08-30,16,5,32
OBS-57-1-9,1,HCP-000057,PRODUCT-000001,2026-09-06,29,9,58
OBS-57-2-0,1,HCP-000057,PRODUCT-000002,2026-07-05,21,7,42
OBS-57-2-1,1,HCP-000057,PRODUCT-000002,2026-07-12,32,10,64
OBS-57-2-2,1,HCP-000057,PRODUCT-000002,2026-07-19,38,12,76
OBS-57-2-3,1,HCP-000057,PRODUCT-000002,2026-07-26,29,9,58
OBS-57-2-4,1,HCP-000057,PRODUCT-000002,2026-08-02,7,2,14
OBS-57-2-5,1,HCP-000057,PRODUCT-000002,2026-08-09,9,3,18
OBS-57-2-6,1,HCP-000057,PRODUCT-000002,2026-08-16,21,7,42
OBS-57-2-7,1,HCP-000057,PRODUCT-000002,2026-08-23,10,3,20
OBS-57-2-8,1,HCP-000057,PRODUCT-000002,2026-08-30,24,8,48
OBS-57-2-9,1,HCP-000057,PRODUCT-000002,2026-09-06,4,1,8
OBS-57-3-0,1,HCP-000057,PRODUCT-000003,2026-07-05,19,6,38
OBS-57-3-1,1,HCP-000057,PRODUCT-000003,2026-07-12,37,12,74
OBS-57-3-2,1,HCP-000057,PRODUCT-000003,2026-07-19,15,5,30
OBS-57-3-3,1,HCP-000057,PRODUCT-000003,2026-07-26,11,3,22
OBS-57-3-4,1,HCP-000057,PRODUCT-000003,2026-08-02,36,12,72
OBS-57-3-5,1,HCP-000057,PRODUCT-000003,2026-08-09,3,1,6
OBS-57-3-6,1,HCP-000057,PRODUCT-000003,2026-08-16,17,5,34
OBS-57-3-7,1,HCP-000057,PRODUCT-000003,2026-08-23,10,3,20
OBS-57-3-8,1,HCP-000057,PRODUCT-000003,2026-08-30,37,12,74
OBS-57-3-9,1,HCP-000057,PRODUCT-000003,2026-09-06,39,13,78
OBS-57-4-0,1,HCP-000057,PRODUCT-000004,2026-07-05,24,8,48
OBS-57-4-1,1,HCP-000057,PRODUCT-000004,2026-07-12,21,7,42
OBS-57-4-2,1,HCP-000057,PRODUCT-000004,2026-07-19,21,7,42
OBS-57-4-3,1,HCP-000057,PRODUCT-000004,2026-07-26,5,1,10
OBS-57-4-4,1,HCP-000057,PRODUCT-000004,2026-08-02,4,1,8
OBS-57-4-5,1,HCP-000057,PRODUCT-000004,2026-08-09,31,10,62
OBS-57-4-6,1,HCP-000057,PRODUCT-000004,2026-08-16,20,6,40
OBS-57-4-7,1,HCP-000057,PRODUCT-000004,2026-08-23,22,7,44
OBS-57-4-8,1,HCP-000057,PRODUCT-000004,2026-08-30,2,0,4
OBS-57-4-9,1,HCP-000057,PRODUCT-000004,2026-09-06,25,8,50
OBS-58-1-0,1,HCP-000058,PRODUCT-000001,2026-07-05,23,7,46
OBS-58-1-1,1,HCP-000058,PRODUCT-000001,2026-07-12,26,8,52
OBS-58-1-2,1,HCP-000058,PRODUCT-000001,2026-07-19,2,0,4
OBS-58-1-3,1,HCP-000058,PRODUCT-000001,2026-07-26,8,2,16
OBS-58-1-4,1,HCP-000058,PRODUCT-000001,2026-08-02,34,11,68
OBS-58-1-5,1,HCP-000058,PRODUCT-000001,2026-08-09,38,12,76
OBS-58-1-6,1,HCP-000058,PRODUCT-000001,2026-08-16,3,1,6
OBS-58-1-7,1,HCP-000058,PRODUCT-000001,2026-08-23,4,1,8
OBS-58-1-8,1,HCP-000058,PRODUCT-000001,2026-08-30,37,12,74
OBS-58-1-9,1,HCP-000058,PRODUCT-000001,2026-09-06,36,12,72
OBS-58-2-0,1,HCP-000058,PRODUCT-000002,2026-07-05,11,3,22
OBS-58-2-1,1,HCP-000058,PRODUCT-000002,2026-07-12,16,5,32
OBS-58-2-2,1,HCP-000058,PRODUCT-000002,2026-07-19,25,8,50
OBS-58-2-3,1,HCP-000058,PRODUCT-000002,2026-07-26,25,8,50
OBS-58-2-4,1,HCP-000058,PRODUCT-000002,2026-08-02,34,11,68
OBS-58-2-5,1,HCP-000058,PRODUCT-000002,2026-08-09,16,5,32
OBS-58-2-6,1,HCP-000058,PRODUCT-000002,2026-08-16,28,9,56
OBS-58-2-7,1,HCP-000058,PRODUCT-000002,2026-08-23,6,2,12
OBS-58-2-8,1,HCP-000058,PRODUCT-000002,2026-08-30,11,3,22
OBS-58-2-9,1,HCP-000058,PRODUCT-000002,2026-09-06,31,10,62
OBS-58-3-0,1,HCP-000058,PRODUCT-000003,2026-07-05,32,10,64
OBS-58-3-1,1,HCP-000058,PRODUCT-000003,2026-07-12,23,7,46
OBS-58-3-2,1,HCP-000058,PRODUCT-000003,2026-07-19,29,9,58
OBS-58-3-3,1,HCP-000058,PRODUCT-000003,2026-07-26,33,11,66
OBS-58-3-4,1,HCP-000058,PRODUCT-000003,2026-08-02,34,11,68
OBS-58-3-5,1,HCP-000058,PRODUCT-000003,2026-08-09,11,3,22
OBS-58-3-6,1,HCP-000058,PRODUCT-000003,2026-08-16,35,11,70
OBS-58-3-7,1,HCP-000058,PRODUCT-000003,2026-08-23,37,12,74
OBS-58-3-8,1,HCP-000058,PRODUCT-000003,2026-08-30,30,10,60
OBS-58-3-9,1,HCP-000058,PRODUCT-000003,2026-09-06,21,7,42
OBS-58-4-0,1,HCP-000058,PRODUCT-000004,2026-07-05,37,12,74
OBS-58-4-1,1,HCP-000058,PRODUCT-000004,2026-07-12,22,7,44
OBS-58-4-2,1,HCP-000058,PRODUCT-000004,2026-07-19,33,11,66
OBS-58-4-3,1,HCP-000058,PRODUCT-000004,2026-07-26,2,0,4
OBS-58-4-4,1,HCP-000058,PRODUCT-000004,2026-08-02,8,2,16
OBS-58-4-5,1,HCP-000058,PRODUCT-000004,2026-08-09,39,13,78
OBS-58-4-6,1,HCP-000058,PRODUCT-000004,2026-08-16,4,1,8
OBS-58-4-7,1,HCP-000058,PRODUCT-000004,2026-08-23,2,0,4
OBS-58-4-8,1,HCP-000058,PRODUCT-000004,2026-08-30,38,12,76
OBS-58-4-9,1,HCP-000058,PRODUCT-000004,2026-09-06,39,13,78
OBS-59-1-0,1,HCP-000059,PRODUCT-000001,2026-07-05,7,2,14
OBS-59-1-1,1,HCP-000059,PRODUCT-000001,2026-07-12,4,1,8
OBS-59-1-2,1,HCP-000059,PRODUCT-000001,2026-07-19,38,12,76
OBS-59-1-3,1,HCP-000059,PRODUCT-000001,2026-07-26,27,9,54
OBS-59-1-4,1,HCP-000059,PRODUCT-000001,2026-08-02,22,7,44
OBS-59-1-5,1,HCP-000059,PRODUCT-000001,2026-08-09,20,6,40
OBS-59-1-6,1,HCP-000059,PRODUCT-000001,2026-08-16,27,9,54
OBS-59-1-7,1,HCP-000059,PRODUCT-000001,2026-08-23,31,10,62
OBS-59-1-8,1,HCP-000059,PRODUCT-000001,2026-08-30,26,8,52
OBS-59-1-9,1,HCP-000059,PRODUCT-000001,2026-09-06,8,2,16
OBS-59-2-0,1,HCP-000059,PRODUCT-000002,2026-07-05,8,2,16
OBS-59-2-1,1,HCP-000059,PRODUCT-000002,2026-07-12,2,0,4
OBS-59-2-2,1,HCP-000059,PRODUCT-000002,2026-07-19,23,7,46
OBS-59-2-3,1,HCP-000059,PRODUCT-000002,2026-07-26,34,11,68
OBS-59-2-4,1,HCP-000059,PRODUCT-000002,2026-08-02,30,10,60
OBS-59-2-5,1,HCP-000059,PRODUCT-000002,2026-08-09,39,13,78
OBS-59-2-6,1,HCP-000059,PRODUCT-000002,2026-08-16,16,5,32
OBS-59-2-7,1,HCP-000059,PRODUCT-000002,2026-08-23,9,3,18
OBS-59-2-8,1,HCP-000059,PRODUCT-000002,2026-08-30,8,2,16
OBS-59-2-9,1,HCP-000059,PRODUCT-000002,2026-09-06,19,6,38
OBS-59-3-0,1,HCP-000059,PRODUCT-000003,2026-07-05,8,2,16
OBS-59-3-1,1,HCP-000059,PRODUCT-000003,2026-07-12,5,1,10
OBS-59-3-2,1,HCP-000059,PRODUCT-000003,2026-07-19,20,6,40
OBS-59-3-3,1,HCP-000059,PRODUCT-000003,2026-07-26,24,8,48
OBS-59-3-4,1,HCP-000059,PRODUCT-000003,2026-08-02,17,5,34
OBS-59-3-5,1,HCP-000059,PRODUCT-000003,2026-08-09,7,2,14
OBS-59-3-6,1,HCP-000059,PRODUCT-000003,2026-08-16,5,1,10
OBS-59-3-7,1,HCP-000059,PRODUCT-000003,2026-08-23,34,11,68
OBS-59-3-8,1,HCP-000059,PRODUCT-000003,2026-08-30,27,9,54
OBS-59-3-9,1,HCP-000059,PRODUCT-000003,2026-09-06,9,3,18
OBS-59-4-0,1,HCP-000059,PRODUCT-000004,2026-07-05,34,11,68
OBS-59-4-1,1,HCP-000059,PRODUCT-000004,2026-07-12,8,2,16
OBS-59-4-2,1,HCP-000059,PRODUCT-000004,2026-07-19,20,6,40
OBS-59-4-3,1,HCP-000059,PRODUCT-000004,2026-07-26,24,8,48
OBS-59-4-4,1,HCP-000059,PRODUCT-000004,2026-08-02,28,9,56
OBS-59-4-5,1,HCP-000059,PRODUCT-000004,2026-08-09,29,9,58
OBS-59-4-6,1,HCP-000059,PRODUCT-000004,2026-08-16,33,11,66
OBS-59-4-7,1,HCP-000059,PRODUCT-000004,2026-08-23,2,0,4
OBS-59-4-8,1,HCP-000059,PRODUCT-000004,2026-08-30,12,4,24
OBS-59-4-9,1,HCP-000059,PRODUCT-000004,2026-09-06,31,10,62
OBS-60-1-0,1,HCP-000060,PRODUCT-000001,2026-07-05,30,10,60
OBS-60-1-1,1,HCP-000060,PRODUCT-000001,2026-07-12,2,0,4
OBS-60-1-2,1,HCP-000060,PRODUCT-000001,2026-07-19,9,3,18
OBS-60-1-3,1,HCP-000060,PRODUCT-000001,2026-07-26,14,4,28
OBS-60-1-4,1,HCP-000060,PRODUCT-000001,2026-08-02,18,6,36
OBS-60-1-5,1,HCP-000060,PRODUCT-000001,2026-08-09,29,9,58
OBS-60-1-6,1,HCP-000060,PRODUCT-000001,2026-08-16,8,2,16
OBS-60-1-7,1,HCP-000060,PRODUCT-000001,2026-08-23,20,6,40
OBS-60-1-8,1,HCP-000060,PRODUCT-000001,2026-08-30,7,2,14
OBS-60-1-9,1,HCP-000060,PRODUCT-000001,2026-09-06,36,12,72
OBS-60-2-0,1,HCP-000060,PRODUCT-000002,2026-07-05,35,11,70
OBS-60-2-1,1,HCP-000060,PRODUCT-000002,2026-07-12,19,6,38
OBS-60-2-2,1,HCP-000060,PRODUCT-000002,2026-07-19,19,6,38
OBS-60-2-3,1,HCP-000060,PRODUCT-000002,2026-07-26,11,3,22
OBS-60-2-4,1,HCP-000060,PRODUCT-000002,2026-08-02,5,1,10
OBS-60-2-5,1,HCP-000060,PRODUCT-000002,2026-08-09,23,7,46
OBS-60-2-6,1,HCP-000060,PRODUCT-000002,2026-08-16,20,6,40
OBS-60-2-7,1,HCP-000060,PRODUCT-000002,2026-08-23,33,11,66
OBS-60-2-8,1,HCP-000060,PRODUCT-000002,2026-08-30,14,4,28
OBS-60-2-9,1,HCP-000060,PRODUCT-000002,2026-09-06,16,5,32
OBS-60-3-0,1,HCP-000060,PRODUCT-000003,2026-07-05,18,6,36
OBS-60-3-1,1,HCP-000060,PRODUCT-000003,2026-07-12,28,9,56
OBS-60-3-2,1,HCP-000060,PRODUCT-000003,2026-07-19,10,3,20
OBS-60-3-3,1,HCP-000060,PRODUCT-000003,2026-07-26,9,3,18
OBS-60-3-4,1,HCP-000060,PRODUCT-000003,2026-08-02,21,7,42
OBS-60-3-5,1,HCP-000060,PRODUCT-000003,2026-08-09,21,7,42
OBS-60-3-6,1,HCP-000060,PRODUCT-000003,2026-08-16,38,12,76
OBS-60-3-7,1,HCP-000060,PRODUCT-000003,2026-08-23,23,7,46
OBS-60-3-8,1,HCP-000060,PRODUCT-000003,2026-08-30,28,9,56
OBS-60-3-9,1,HCP-000060,PRODUCT-000003,2026-09-06,11,3,22
OBS-60-4-0,1,HCP-000060,PRODUCT-000004,2026-07-05,36,12,72
OBS-60-4-1,1,HCP-000060,PRODUCT-000004,2026-07-12,12,4,24
OBS-60-4-2,1,HCP-000060,PRODUCT-000004,2026-07-19,10,3,20
OBS-60-4-3,1,HCP-000060,PRODUCT-000004,2026-07-26,31,10,62
OBS-60-4-4,1,HCP-000060,PRODUCT-000004,2026-08-02,20,6,40
OBS-60-4-5,1,HCP-000060,PRODUCT-000004,2026-08-09,27,9,54
OBS-60-4-6,1,HCP-000060,PRODUCT-000004,2026-08-16,13,4,26
OBS-60-4-7,1,HCP-000060,PRODUCT-000004,2026-08-23,8,2,16
OBS-60-4-8,1,HCP-000060,PRODUCT-000004,2026-08-30,35,11,70
OBS-60-4-9,1,HCP-000060,PRODUCT-000004,2026-09-06,33,11,66
OBS-61-1-0,1,HCP-000061,PRODUCT-000001,2026-07-05,24,8,48
OBS-61-1-1,1,HCP-000061,PRODUCT-000001,2026-07-12,36,12,72
OBS-61-1-2,1,HCP-000061,PRODUCT-000001,2026-07-19,36,12,72
OBS-61-1-3,1,HCP-000061,PRODUCT-000001,2026-07-26,33,11,66
OBS-61-1-4,1,HCP-000061,PRODUCT-000001,2026-08-02,23,7,46
OBS-61-1-5,1,HCP-000061,PRODUCT-000001,2026-08-09,28,9,56
OBS-61-1-6,1,HCP-000061,PRODUCT-000001,2026-08-16,27,9,54
OBS-61-1-7,1,HCP-000061,PRODUCT-000001,2026-08-23,11,3,22
OBS-61-1-8,1,HCP-000061,PRODUCT-000001,2026-08-30,22,7,44
OBS-61-1-9,1,HCP-000061,PRODUCT-000001,2026-09-06,34,11,68
OBS-61-2-0,1,HCP-000061,PRODUCT-000002,2026-07-05,6,2,12
OBS-61-2-1,1,HCP-000061,PRODUCT-000002,2026-07-12,15,5,30
OBS-61-2-2,1,HCP-000061,PRODUCT-000002,2026-07-19,4,1,8
OBS-61-2-3,1,HCP-000061,PRODUCT-000002,2026-07-26,37,12,74
OBS-61-2-4,1,HCP-000061,PRODUCT-000002,2026-08-02,29,9,58
OBS-61-2-5,1,HCP-000061,PRODUCT-000002,2026-08-09,34,11,68
OBS-61-2-6,1,HCP-000061,PRODUCT-000002,2026-08-16,19,6,38
OBS-61-2-7,1,HCP-000061,PRODUCT-000002,2026-08-23,10,3,20
OBS-61-2-8,1,HCP-000061,PRODUCT-000002,2026-08-30,13,4,26
OBS-61-2-9,1,HCP-000061,PRODUCT-000002,2026-09-06,38,12,76
OBS-61-3-0,1,HCP-000061,PRODUCT-000003,2026-07-05,36,12,72
OBS-61-3-1,1,HCP-000061,PRODUCT-000003,2026-07-12,30,10,60
OBS-61-3-2,1,HCP-000061,PRODUCT-000003,2026-07-19,16,5,32
OBS-61-3-3,1,HCP-000061,PRODUCT-000003,2026-07-26,31,10,62
OBS-61-3-4,1,HCP-000061,PRODUCT-000003,2026-08-02,32,10,64
OBS-61-3-5,1,HCP-000061,PRODUCT-000003,2026-08-09,2,0,4
OBS-61-3-6,1,HCP-000061,PRODUCT-000003,2026-08-16,21,7,42
OBS-61-3-7,1,HCP-000061,PRODUCT-000003,2026-08-23,17,5,34
OBS-61-3-8,1,HCP-000061,PRODUCT-000003,2026-08-30,24,8,48
OBS-61-3-9,1,HCP-000061,PRODUCT-000003,2026-09-06,32,10,64
OBS-61-4-0,1,HCP-000061,PRODUCT-000004,2026-07-05,32,10,64
OBS-61-4-1,1,HCP-000061,PRODUCT-000004,2026-07-12,3,1,6
OBS-61-4-2,1,HCP-000061,PRODUCT-000004,2026-07-19,14,4,28
OBS-61-4-3,1,HCP-000061,PRODUCT-000004,2026-07-26,26,8,52
OBS-61-4-4,1,HCP-000061,PRODUCT-000004,2026-08-02,20,6,40
OBS-61-4-5,1,HCP-000061,PRODUCT-000004,2026-08-09,26,8,52
OBS-61-4-6,1,HCP-000061,PRODUCT-000004,2026-08-16,8,2,16
OBS-61-4-7,1,HCP-000061,PRODUCT-000004,2026-08-23,29,9,58
OBS-61-4-8,1,HCP-000061,PRODUCT-000004,2026-08-30,21,7,42
OBS-61-4-9,1,HCP-000061,PRODUCT-000004,2026-09-06,2,0,4
OBS-62-1-0,1,HCP-000062,PRODUCT-000001,2026-07-05,28,9,56
OBS-62-1-1,1,HCP-000062,PRODUCT-000001,2026-07-12,33,11,66
OBS-62-1-2,1,HCP-000062,PRODUCT-000001,2026-07-19,11,3,22
OBS-62-1-3,1,HCP-000062,PRODUCT-000001,2026-07-26,11,3,22
OBS-62-1-4,1,HCP-000062,PRODUCT-000001,2026-08-02,27,9,54
OBS-62-1-5,1,HCP-000062,PRODUCT-000001,2026-08-09,29,9,58
OBS-62-1-6,1,HCP-000062,PRODUCT-000001,2026-08-16,12,4,24
OBS-62-1-7,1,HCP-000062,PRODUCT-000001,2026-08-23,30,10,60
OBS-62-1-8,1,HCP-000062,PRODUCT-000001,2026-08-30,38,12,76
OBS-62-1-9,1,HCP-000062,PRODUCT-000001,2026-09-06,3,1,6
OBS-62-2-0,1,HCP-000062,PRODUCT-000002,2026-07-05,31,10,62
OBS-62-2-1,1,HCP-000062,PRODUCT-000002,2026-07-12,25,8,50
OBS-62-2-2,1,HCP-000062,PRODUCT-000002,2026-07-19,37,12,74
OBS-62-2-3,1,HCP-000062,PRODUCT-000002,2026-07-26,19,6,38
OBS-62-2-4,1,HCP-000062,PRODUCT-000002,2026-08-02,3,1,6
OBS-62-2-5,1,HCP-000062,PRODUCT-000002,2026-08-09,39,13,78
OBS-62-2-6,1,HCP-000062,PRODUCT-000002,2026-08-16,32,10,64
OBS-62-2-7,1,HCP-000062,PRODUCT-000002,2026-08-23,8,2,16
OBS-62-2-8,1,HCP-000062,PRODUCT-000002,2026-08-30,7,2,14
OBS-62-2-9,1,HCP-000062,PRODUCT-000002,2026-09-06,33,11,66
OBS-62-3-0,1,HCP-000062,PRODUCT-000003,2026-07-05,19,6,38
OBS-62-3-1,1,HCP-000062,PRODUCT-000003,2026-07-12,8,2,16
OBS-62-3-2,1,HCP-000062,PRODUCT-000003,2026-07-19,17,5,34
OBS-62-3-3,1,HCP-000062,PRODUCT-000003,2026-07-26,32,10,64
OBS-62-3-4,1,HCP-000062,PRODUCT-000003,2026-08-02,28,9,56
OBS-62-3-5,1,HCP-000062,PRODUCT-000003,2026-08-09,19,6,38
OBS-62-3-6,1,HCP-000062,PRODUCT-000003,2026-08-16,31,10,62
OBS-62-3-7,1,HCP-000062,PRODUCT-000003,2026-08-23,5,1,10
OBS-62-3-8,1,HCP-000062,PRODUCT-000003,2026-08-30,21,7,42
OBS-62-3-9,1,HCP-000062,PRODUCT-000003,2026-09-06,35,11,70
OBS-62-4-0,1,HCP-000062,PRODUCT-000004,2026-07-05,19,6,38
OBS-62-4-1,1,HCP-000062,PRODUCT-000004,2026-07-12,16,5,32
OBS-62-4-2,1,HCP-000062,PRODUCT-000004,2026-07-19,33,11,66
OBS-62-4-3,1,HCP-000062,PRODUCT-000004,2026-07-26,28,9,56
OBS-62-4-4,1,HCP-000062,PRODUCT-000004,2026-08-02,20,6,40
OBS-62-4-5,1,HCP-000062,PRODUCT-000004,2026-08-09,28,9,56
OBS-62-4-6,1,HCP-000062,PRODUCT-000004,2026-08-16,22,7,44
OBS-62-4-7,1,HCP-000062,PRODUCT-000004,2026-08-23,20,6,40
OBS-62-4-8,1,HCP-000062,PRODUCT-000004,2026-08-30,18,6,36
OBS-62-4-9,1,HCP-000062,PRODUCT-000004,2026-09-06,4,1,8
OBS-63-1-0,1,HCP-000063,PRODUCT-000001,2026-07-05,30,10,60
OBS-63-1-1,1,HCP-000063,PRODUCT-000001,2026-07-12,12,4,24
OBS-63-1-2,1,HCP-000063,PRODUCT-000001,2026-07-19,37,12,74
OBS-63-1-3,1,HCP-000063,PRODUCT-000001,2026-07-26,1,0,2
OBS-63-1-4,1,HCP-000063,PRODUCT-000001,2026-08-02,32,10,64
OBS-63-1-5,1,HCP-000063,PRODUCT-000001,2026-08-09,16,5,32
OBS-63-1-6,1,HCP-000063,PRODUCT-000001,2026-08-16,22,7,44
OBS-63-1-7,1,HCP-000063,PRODUCT-000001,2026-08-23,14,4,28
OBS-63-1-8,1,HCP-000063,PRODUCT-000001,2026-08-30,39,13,78
OBS-63-1-9,1,HCP-000063,PRODUCT-000001,2026-09-06,33,11,66
OBS-63-2-0,1,HCP-000063,PRODUCT-000002,2026-07-05,19,6,38
OBS-63-2-1,1,HCP-000063,PRODUCT-000002,2026-07-12,11,3,22
OBS-63-2-2,1,HCP-000063,PRODUCT-000002,2026-07-19,3,1,6
OBS-63-2-3,1,HCP-000063,PRODUCT-000002,2026-07-26,13,4,26
OBS-63-2-4,1,HCP-000063,PRODUCT-000002,2026-08-02,24,8,48
OBS-63-2-5,1,HCP-000063,PRODUCT-000002,2026-08-09,7,2,14
OBS-63-2-6,1,HCP-000063,PRODUCT-000002,2026-08-16,20,6,40
OBS-63-2-7,1,HCP-000063,PRODUCT-000002,2026-08-23,14,4,28
OBS-63-2-8,1,HCP-000063,PRODUCT-000002,2026-08-30,24,8,48
OBS-63-2-9,1,HCP-000063,PRODUCT-000002,2026-09-06,23,7,46
OBS-63-3-0,1,HCP-000063,PRODUCT-000003,2026-07-05,32,10,64
OBS-63-3-1,1,HCP-000063,PRODUCT-000003,2026-07-12,30,10,60
OBS-63-3-2,1,HCP-000063,PRODUCT-000003,2026-07-19,32,10,64
OBS-63-3-3,1,HCP-000063,PRODUCT-000003,2026-07-26,4,1,8
OBS-63-3-4,1,HCP-000063,PRODUCT-000003,2026-08-02,14,4,28
OBS-63-3-5,1,HCP-000063,PRODUCT-000003,2026-08-09,26,8,52
OBS-63-3-6,1,HCP-000063,PRODUCT-000003,2026-08-16,10,3,20
OBS-63-3-7,1,HCP-000063,PRODUCT-000003,2026-08-23,2,0,4
OBS-63-3-8,1,HCP-000063,PRODUCT-000003,2026-08-30,17,5,34
OBS-63-3-9,1,HCP-000063,PRODUCT-000003,2026-09-06,8,2,16
OBS-63-4-0,1,HCP-000063,PRODUCT-000004,2026-07-05,2,0,4
OBS-63-4-1,1,HCP-000063,PRODUCT-000004,2026-07-12,10,3,20
OBS-63-4-2,1,HCP-000063,PRODUCT-000004,2026-07-19,35,11,70
OBS-63-4-3,1,HCP-000063,PRODUCT-000004,2026-07-26,27,9,54
OBS-63-4-4,1,HCP-000063,PRODUCT-000004,2026-08-02,37,12,74
OBS-63-4-5,1,HCP-000063,PRODUCT-000004,2026-08-09,19,6,38
OBS-63-4-6,1,HCP-000063,PRODUCT-000004,2026-08-16,28,9,56
OBS-63-4-7,1,HCP-000063,PRODUCT-000004,2026-08-23,18,6,36
OBS-63-4-8,1,HCP-000063,PRODUCT-000004,2026-08-30,26,8,52
OBS-63-4-9,1,HCP-000063,PRODUCT-000004,2026-09-06,27,9,54
OBS-64-1-0,1,HCP-000064,PRODUCT-000001,2026-07-05,27,9,54
OBS-64-1-1,1,HCP-000064,PRODUCT-000001,2026-07-12,22,7,44
OBS-64-1-2,1,HCP-000064,PRODUCT-000001,2026-07-19,8,2,16
OBS-64-1-3,1,HCP-000064,PRODUCT-000001,2026-07-26,27,9,54
OBS-64-1-4,1,HCP-000064,PRODUCT-000001,2026-08-02,7,2,14
OBS-64-1-5,1,HCP-000064,PRODUCT-000001,2026-08-09,36,12,72
OBS-64-1-6,1,HCP-000064,PRODUCT-000001,2026-08-16,24,8,48
OBS-64-1-7,1,HCP-000064,PRODUCT-000001,2026-08-23,26,8,52
OBS-64-1-8,1,HCP-000064,PRODUCT-000001,2026-08-30,29,9,58
OBS-64-1-9,1,HCP-000064,PRODUCT-000001,2026-09-06,28,9,56
OBS-64-2-0,1,HCP-000064,PRODUCT-000002,2026-07-05,2,0,4
OBS-64-2-1,1,HCP-000064,PRODUCT-000002,2026-07-12,30,10,60
OBS-64-2-2,1,HCP-000064,PRODUCT-000002,2026-07-19,26,8,52
OBS-64-2-3,1,HCP-000064,PRODUCT-000002,2026-07-26,23,7,46
OBS-64-2-4,1,HCP-000064,PRODUCT-000002,2026-08-02,1,0,2
OBS-64-2-5,1,HCP-000064,PRODUCT-000002,2026-08-09,10,3,20
OBS-64-2-6,1,HCP-000064,PRODUCT-000002,2026-08-16,5,1,10
OBS-64-2-7,1,HCP-000064,PRODUCT-000002,2026-08-23,37,12,74
OBS-64-2-8,1,HCP-000064,PRODUCT-000002,2026-08-30,38,12,76
OBS-64-2-9,1,HCP-000064,PRODUCT-000002,2026-09-06,12,4,24
OBS-64-3-0,1,HCP-000064,PRODUCT-000003,2026-07-05,4,1,8
OBS-64-3-1,1,HCP-000064,PRODUCT-000003,2026-07-12,32,10,64
OBS-64-3-2,1,HCP-000064,PRODUCT-000003,2026-07-19,12,4,24
OBS-64-3-3,1,HCP-000064,PRODUCT-000003,2026-07-26,23,7,46
OBS-64-3-4,1,HCP-000064,PRODUCT-000003,2026-08-02,33,11,66
OBS-64-3-5,1,HCP-000064,PRODUCT-000003,2026-08-09,19,6,38
OBS-64-3-6,1,HCP-000064,PRODUCT-000003,2026-08-16,22,7,44
OBS-64-3-7,1,HCP-000064,PRODUCT-000003,2026-08-23,19,6,38
OBS-64-3-8,1,HCP-000064,PRODUCT-000003,2026-08-30,25,8,50
OBS-64-3-9,1,HCP-000064,PRODUCT-000003,2026-09-06,37,12,74
OBS-64-4-0,1,HCP-000064,PRODUCT-000004,2026-07-05,27,9,54
OBS-64-4-1,1,HCP-000064,PRODUCT-000004,2026-07-12,34,11,68
OBS-64-4-2,1,HCP-000064,PRODUCT-000004,2026-07-19,38,12,76
OBS-64-4-3,1,HCP-000064,PRODUCT-000004,2026-07-26,17,5,34
OBS-64-4-4,1,HCP-000064,PRODUCT-000004,2026-08-02,28,9,56
OBS-64-4-5,1,HCP-000064,PRODUCT-000004,2026-08-09,2,0,4
OBS-64-4-6,1,HCP-000064,PRODUCT-000004,2026-08-16,37,12,74
OBS-64-4-7,1,HCP-000064,PRODUCT-000004,2026-08-23,38,12,76
OBS-64-4-8,1,HCP-000064,PRODUCT-000004,2026-08-30,8,2,16
OBS-64-4-9,1,HCP-000064,PRODUCT-000004,2026-09-06,17,5,34
OBS-65-1-0,1,HCP-000065,PRODUCT-000001,2026-07-05,31,10,62
OBS-65-1-1,1,HCP-000065,PRODUCT-000001,2026-07-12,3,1,6
OBS-65-1-2,1,HCP-000065,PRODUCT-000001,2026-07-19,17,5,34
OBS-65-1-3,1,HCP-000065,PRODUCT-000001,2026-07-26,15,5,30
OBS-65-1-4,1,HCP-000065,PRODUCT-000001,2026-08-02,38,12,76
OBS-65-1-5,1,HCP-000065,PRODUCT-000001,2026-08-09,34,11,68
OBS-65-1-6,1,HCP-000065,PRODUCT-000001,2026-08-16,10,3,20
OBS-65-1-7,1,HCP-000065,PRODUCT-000001,2026-08-23,27,9,54
OBS-65-1-8,1,HCP-000065,PRODUCT-000001,2026-08-30,29,9,58
OBS-65-1-9,1,HCP-000065,PRODUCT-000001,2026-09-06,25,8,50
OBS-65-2-0,1,HCP-000065,PRODUCT-000002,2026-07-05,7,2,14
OBS-65-2-1,1,HCP-000065,PRODUCT-000002,2026-07-12,35,11,70
OBS-65-2-2,1,HCP-000065,PRODUCT-000002,2026-07-19,24,8,48
OBS-65-2-3,1,HCP-000065,PRODUCT-000002,2026-07-26,25,8,50
OBS-65-2-4,1,HCP-000065,PRODUCT-000002,2026-08-02,1,0,2
OBS-65-2-5,1,HCP-000065,PRODUCT-000002,2026-08-09,1,0,2
OBS-65-2-6,1,HCP-000065,PRODUCT-000002,2026-08-16,7,2,14
OBS-65-2-7,1,HCP-000065,PRODUCT-000002,2026-08-23,16,5,32
OBS-65-2-8,1,HCP-000065,PRODUCT-000002,2026-08-30,35,11,70
OBS-65-2-9,1,HCP-000065,PRODUCT-000002,2026-09-06,19,6,38
OBS-65-3-0,1,HCP-000065,PRODUCT-000003,2026-07-05,15,5,30
OBS-65-3-1,1,HCP-000065,PRODUCT-000003,2026-07-12,15,5,30
OBS-65-3-2,1,HCP-000065,PRODUCT-000003,2026-07-19,38,12,76
OBS-65-3-3,1,HCP-000065,PRODUCT-000003,2026-07-26,17,5,34
OBS-65-3-4,1,HCP-000065,PRODUCT-000003,2026-08-02,18,6,36
OBS-65-3-5,1,HCP-000065,PRODUCT-000003,2026-08-09,34,11,68
OBS-65-3-6,1,HCP-000065,PRODUCT-000003,2026-08-16,9,3,18
OBS-65-3-7,1,HCP-000065,PRODUCT-000003,2026-08-23,12,4,24
OBS-65-3-8,1,HCP-000065,PRODUCT-000003,2026-08-30,32,10,64
OBS-65-3-9,1,HCP-000065,PRODUCT-000003,2026-09-06,30,10,60
OBS-65-4-0,1,HCP-000065,PRODUCT-000004,2026-07-05,9,3,18
OBS-65-4-1,1,HCP-000065,PRODUCT-000004,2026-07-12,16,5,32
OBS-65-4-2,1,HCP-000065,PRODUCT-000004,2026-07-19,2,0,4
OBS-65-4-3,1,HCP-000065,PRODUCT-000004,2026-07-26,30,10,60
OBS-65-4-4,1,HCP-000065,PRODUCT-000004,2026-08-02,34,11,68
OBS-65-4-5,1,HCP-000065,PRODUCT-000004,2026-08-09,35,11,70
OBS-65-4-6,1,HCP-000065,PRODUCT-000004,2026-08-16,2,0,4
OBS-65-4-7,1,HCP-000065,PRODUCT-000004,2026-08-23,30,10,60
OBS-65-4-8,1,HCP-000065,PRODUCT-000004,2026-08-30,28,9,56
OBS-65-4-9,1,HCP-000065,PRODUCT-000004,2026-09-06,12,4,24
OBS-66-1-0,1,HCP-000066,PRODUCT-000001,2026-07-05,29,9,58
OBS-66-1-1,1,HCP-000066,PRODUCT-000001,2026-07-12,39,13,78
OBS-66-1-2,1,HCP-000066,PRODUCT-000001,2026-07-19,17,5,34
OBS-66-1-3,1,HCP-000066,PRODUCT-000001,2026-07-26,5,1,10
OBS-66-1-4,1,HCP-000066,PRODUCT-000001,2026-08-02,11,3,22
OBS-66-1-5,1,HCP-000066,PRODUCT-000001,2026-08-09,1,0,2
OBS-66-1-6,1,HCP-000066,PRODUCT-000001,2026-08-16,34,11,68
OBS-66-1-7,1,HCP-000066,PRODUCT-000001,2026-08-23,28,9,56
OBS-66-1-8,1,HCP-000066,PRODUCT-000001,2026-08-30,12,4,24
OBS-66-1-9,1,HCP-000066,PRODUCT-000001,2026-09-06,31,10,62
OBS-66-2-0,1,HCP-000066,PRODUCT-000002,2026-07-05,4,1,8
OBS-66-2-1,1,HCP-000066,PRODUCT-000002,2026-07-12,5,1,10
OBS-66-2-2,1,HCP-000066,PRODUCT-000002,2026-07-19,24,8,48
OBS-66-2-3,1,HCP-000066,PRODUCT-000002,2026-07-26,22,7,44
OBS-66-2-4,1,HCP-000066,PRODUCT-000002,2026-08-02,12,4,24
OBS-66-2-5,1,HCP-000066,PRODUCT-000002,2026-08-09,13,4,26
OBS-66-2-6,1,HCP-000066,PRODUCT-000002,2026-08-16,33,11,66
OBS-66-2-7,1,HCP-000066,PRODUCT-000002,2026-08-23,21,7,42
OBS-66-2-8,1,HCP-000066,PRODUCT-000002,2026-08-30,24,8,48
OBS-66-2-9,1,HCP-000066,PRODUCT-000002,2026-09-06,22,7,44
OBS-66-3-0,1,HCP-000066,PRODUCT-000003,2026-07-05,10,3,20
OBS-66-3-1,1,HCP-000066,PRODUCT-000003,2026-07-12,24,8,48
OBS-66-3-2,1,HCP-000066,PRODUCT-000003,2026-07-19,36,12,72
OBS-66-3-3,1,HCP-000066,PRODUCT-000003,2026-07-26,14,4,28
OBS-66-3-4,1,HCP-000066,PRODUCT-000003,2026-08-02,4,1,8
OBS-66-3-5,1,HCP-000066,PRODUCT-000003,2026-08-09,12,4,24
OBS-66-3-6,1,HCP-000066,PRODUCT-000003,2026-08-16,38,12,76
OBS-66-3-7,1,HCP-000066,PRODUCT-000003,2026-08-23,6,2,12
OBS-66-3-8,1,HCP-000066,PRODUCT-000003,2026-08-30,16,5,32
OBS-66-3-9,1,HCP-000066,PRODUCT-000003,2026-09-06,26,8,52
OBS-66-4-0,1,HCP-000066,PRODUCT-000004,2026-07-05,38,12,76
OBS-66-4-1,1,HCP-000066,PRODUCT-000004,2026-07-12,18,6,36
OBS-66-4-2,1,HCP-000066,PRODUCT-000004,2026-07-19,24,8,48
OBS-66-4-3,1,HCP-000066,PRODUCT-000004,2026-07-26,4,1,8
OBS-66-4-4,1,HCP-000066,PRODUCT-000004,2026-08-02,35,11,70
OBS-66-4-5,1,HCP-000066,PRODUCT-000004,2026-08-09,9,3,18
OBS-66-4-6,1,HCP-000066,PRODUCT-000004,2026-08-16,2,0,4
OBS-66-4-7,1,HCP-000066,PRODUCT-000004,2026-08-23,34,11,68
OBS-66-4-8,1,HCP-000066,PRODUCT-000004,2026-08-30,30,10,60
OBS-66-4-9,1,HCP-000066,PRODUCT-000004,2026-09-06,15,5,30
OBS-67-1-0,1,HCP-000067,PRODUCT-000001,2026-07-05,27,9,54
OBS-67-1-1,1,HCP-000067,PRODUCT-000001,2026-07-12,32,10,64
OBS-67-1-2,1,HCP-000067,PRODUCT-000001,2026-07-19,18,6,36
OBS-67-1-3,1,HCP-000067,PRODUCT-000001,2026-07-26,6,2,12
OBS-67-1-4,1,HCP-000067,PRODUCT-000001,2026-08-02,9,3,18
OBS-67-1-5,1,HCP-000067,PRODUCT-000001,2026-08-09,39,13,78
OBS-67-1-6,1,HCP-000067,PRODUCT-000001,2026-08-16,37,12,74
OBS-67-1-7,1,HCP-000067,PRODUCT-000001,2026-08-23,9,3,18
OBS-67-1-8,1,HCP-000067,PRODUCT-000001,2026-08-30,1,0,2
OBS-67-1-9,1,HCP-000067,PRODUCT-000001,2026-09-06,6,2,12
OBS-67-2-0,1,HCP-000067,PRODUCT-000002,2026-07-05,18,6,36
OBS-67-2-1,1,HCP-000067,PRODUCT-000002,2026-07-12,30,10,60
OBS-67-2-2,1,HCP-000067,PRODUCT-000002,2026-07-19,27,9,54
OBS-67-2-3,1,HCP-000067,PRODUCT-000002,2026-07-26,35,11,70
OBS-67-2-4,1,HCP-000067,PRODUCT-000002,2026-08-02,12,4,24
OBS-67-2-5,1,HCP-000067,PRODUCT-000002,2026-08-09,26,8,52
OBS-67-2-6,1,HCP-000067,PRODUCT-000002,2026-08-16,38,12,76
OBS-67-2-7,1,HCP-000067,PRODUCT-000002,2026-08-23,4,1,8
OBS-67-2-8,1,HCP-000067,PRODUCT-000002,2026-08-30,22,7,44
OBS-67-2-9,1,HCP-000067,PRODUCT-000002,2026-09-06,36,12,72
OBS-67-3-0,1,HCP-000067,PRODUCT-000003,2026-07-05,7,2,14
OBS-67-3-1,1,HCP-000067,PRODUCT-000003,2026-07-12,13,4,26
OBS-67-3-2,1,HCP-000067,PRODUCT-000003,2026-07-19,14,4,28
OBS-67-3-3,1,HCP-000067,PRODUCT-000003,2026-07-26,39,13,78
OBS-67-3-4,1,HCP-000067,PRODUCT-000003,2026-08-02,10,3,20
OBS-67-3-5,1,HCP-000067,PRODUCT-000003,2026-08-09,5,1,10
OBS-67-3-6,1,HCP-000067,PRODUCT-000003,2026-08-16,25,8,50
OBS-67-3-7,1,HCP-000067,PRODUCT-000003,2026-08-23,8,2,16
OBS-67-3-8,1,HCP-000067,PRODUCT-000003,2026-08-30,26,8,52
OBS-67-3-9,1,HCP-000067,PRODUCT-000003,2026-09-06,31,10,62
OBS-67-4-0,1,HCP-000067,PRODUCT-000004,2026-07-05,36,12,72
OBS-67-4-1,1,HCP-000067,PRODUCT-000004,2026-07-12,11,3,22
OBS-67-4-2,1,HCP-000067,PRODUCT-000004,2026-07-19,5,1,10
OBS-67-4-3,1,HCP-000067,PRODUCT-000004,2026-07-26,16,5,32
OBS-67-4-4,1,HCP-000067,PRODUCT-000004,2026-08-02,12,4,24
OBS-67-4-5,1,HCP-000067,PRODUCT-000004,2026-08-09,12,4,24
OBS-67-4-6,1,HCP-000067,PRODUCT-000004,2026-08-16,28,9,56
OBS-67-4-7,1,HCP-000067,PRODUCT-000004,2026-08-23,30,10,60
OBS-67-4-8,1,HCP-000067,PRODUCT-000004,2026-08-30,11,3,22
OBS-67-4-9,1,HCP-000067,PRODUCT-000004,2026-09-06,7,2,14
OBS-68-1-0,1,HCP-000068,PRODUCT-000001,2026-07-05,23,7,46
OBS-68-1-1,1,HCP-000068,PRODUCT-000001,2026-07-12,14,4,28
OBS-68-1-2,1,HCP-000068,PRODUCT-000001,2026-07-19,5,1,10
OBS-68-1-3,1,HCP-000068,PRODUCT-000001,2026-07-26,26,8,52
OBS-68-1-4,1,HCP-000068,PRODUCT-000001,2026-08-02,32,10,64
OBS-68-1-5,1,HCP-000068,PRODUCT-000001,2026-08-09,17,5,34
OBS-68-1-6,1,HCP-000068,PRODUCT-000001,2026-08-16,37,12,74
OBS-68-1-7,1,HCP-000068,PRODUCT-000001,2026-08-23,38,12,76
OBS-68-1-8,1,HCP-000068,PRODUCT-000001,2026-08-30,23,7,46
OBS-68-1-9,1,HCP-000068,PRODUCT-000001,2026-09-06,5,1,10
OBS-68-2-0,1,HCP-000068,PRODUCT-000002,2026-07-05,20,6,40
OBS-68-2-1,1,HCP-000068,PRODUCT-000002,2026-07-12,25,8,50
OBS-68-2-2,1,HCP-000068,PRODUCT-000002,2026-07-19,17,5,34
OBS-68-2-3,1,HCP-000068,PRODUCT-000002,2026-07-26,27,9,54
OBS-68-2-4,1,HCP-000068,PRODUCT-000002,2026-08-02,10,3,20
OBS-68-2-5,1,HCP-000068,PRODUCT-000002,2026-08-09,7,2,14
OBS-68-2-6,1,HCP-000068,PRODUCT-000002,2026-08-16,17,5,34
OBS-68-2-7,1,HCP-000068,PRODUCT-000002,2026-08-23,8,2,16
OBS-68-2-8,1,HCP-000068,PRODUCT-000002,2026-08-30,35,11,70
OBS-68-2-9,1,HCP-000068,PRODUCT-000002,2026-09-06,22,7,44
OBS-68-3-0,1,HCP-000068,PRODUCT-000003,2026-07-05,9,3,18
OBS-68-3-1,1,HCP-000068,PRODUCT-000003,2026-07-12,33,11,66
OBS-68-3-2,1,HCP-000068,PRODUCT-000003,2026-07-19,21,7,42
OBS-68-3-3,1,HCP-000068,PRODUCT-000003,2026-07-26,1,0,2
OBS-68-3-4,1,HCP-000068,PRODUCT-000003,2026-08-02,4,1,8
OBS-68-3-5,1,HCP-000068,PRODUCT-000003,2026-08-09,7,2,14
OBS-68-3-6,1,HCP-000068,PRODUCT-000003,2026-08-16,22,7,44
OBS-68-3-7,1,HCP-000068,PRODUCT-000003,2026-08-23,26,8,52
OBS-68-3-8,1,HCP-000068,PRODUCT-000003,2026-08-30,28,9,56
OBS-68-3-9,1,HCP-000068,PRODUCT-000003,2026-09-06,11,3,22
OBS-68-4-0,1,HCP-000068,PRODUCT-000004,2026-07-05,9,3,18
OBS-68-4-1,1,HCP-000068,PRODUCT-000004,2026-07-12,16,5,32
OBS-68-4-2,1,HCP-000068,PRODUCT-000004,2026-07-19,20,6,40
OBS-68-4-3,1,HCP-000068,PRODUCT-000004,2026-07-26,6,2,12
OBS-68-4-4,1,HCP-000068,PRODUCT-000004,2026-08-02,24,8,48
OBS-68-4-5,1,HCP-000068,PRODUCT-000004,2026-08-09,35,11,70
OBS-68-4-6,1,HCP-000068,PRODUCT-000004,2026-08-16,18,6,36
OBS-68-4-7,1,HCP-000068,PRODUCT-000004,2026-08-23,12,4,24
OBS-68-4-8,1,HCP-000068,PRODUCT-000004,2026-08-30,19,6,38
OBS-68-4-9,1,HCP-000068,PRODUCT-000004,2026-09-06,34,11,68
OBS-69-1-0,1,HCP-000069,PRODUCT-000001,2026-07-05,9,3,18
OBS-69-1-1,1,HCP-000069,PRODUCT-000001,2026-07-12,31,10,62
OBS-69-1-2,1,HCP-000069,PRODUCT-000001,2026-07-19,3,1,6
OBS-69-1-3,1,HCP-000069,PRODUCT-000001,2026-07-26,27,9,54
OBS-69-1-4,1,HCP-000069,PRODUCT-000001,2026-08-02,24,8,48
OBS-69-1-5,1,HCP-000069,PRODUCT-000001,2026-08-09,17,5,34
OBS-69-1-6,1,HCP-000069,PRODUCT-000001,2026-08-16,14,4,28
OBS-69-1-7,1,HCP-000069,PRODUCT-000001,2026-08-23,1,0,2
OBS-69-1-8,1,HCP-000069,PRODUCT-000001,2026-08-30,10,3,20
OBS-69-1-9,1,HCP-000069,PRODUCT-000001,2026-09-06,35,11,70
OBS-69-2-0,1,HCP-000069,PRODUCT-000002,2026-07-05,6,2,12
OBS-69-2-1,1,HCP-000069,PRODUCT-000002,2026-07-12,34,11,68
OBS-69-2-2,1,HCP-000069,PRODUCT-000002,2026-07-19,30,10,60
OBS-69-2-3,1,HCP-000069,PRODUCT-000002,2026-07-26,38,12,76
OBS-69-2-4,1,HCP-000069,PRODUCT-000002,2026-08-02,10,3,20
OBS-69-2-5,1,HCP-000069,PRODUCT-000002,2026-08-09,36,12,72
OBS-69-2-6,1,HCP-000069,PRODUCT-000002,2026-08-16,22,7,44
OBS-69-2-7,1,HCP-000069,PRODUCT-000002,2026-08-23,1,0,2
OBS-69-2-8,1,HCP-000069,PRODUCT-000002,2026-08-30,14,4,28
OBS-69-2-9,1,HCP-000069,PRODUCT-000002,2026-09-06,21,7,42
OBS-69-3-0,1,HCP-000069,PRODUCT-000003,2026-07-05,25,8,50
OBS-69-3-1,1,HCP-000069,PRODUCT-000003,2026-07-12,10,3,20
OBS-69-3-2,1,HCP-000069,PRODUCT-000003,2026-07-19,10,3,20
OBS-69-3-3,1,HCP-000069,PRODUCT-000003,2026-07-26,19,6,38
OBS-69-3-4,1,HCP-000069,PRODUCT-000003,2026-08-02,10,3,20
OBS-69-3-5,1,HCP-000069,PRODUCT-000003,2026-08-09,28,9,56
OBS-69-3-6,1,HCP-000069,PRODUCT-000003,2026-08-16,32,10,64
OBS-69-3-7,1,HCP-000069,PRODUCT-000003,2026-08-23,24,8,48
OBS-69-3-8,1,HCP-000069,PRODUCT-000003,2026-08-30,29,9,58
OBS-69-3-9,1,HCP-000069,PRODUCT-000003,2026-09-06,3,1,6
OBS-69-4-0,1,HCP-000069,PRODUCT-000004,2026-07-05,21,7,42
OBS-69-4-1,1,HCP-000069,PRODUCT-000004,2026-07-12,20,6,40
OBS-69-4-2,1,HCP-000069,PRODUCT-000004,2026-07-19,35,11,70
OBS-69-4-3,1,HCP-000069,PRODUCT-000004,2026-07-26,11,3,22
OBS-69-4-4,1,HCP-000069,PRODUCT-000004,2026-08-02,20,6,40
OBS-69-4-5,1,HCP-000069,PRODUCT-000004,2026-08-09,37,12,74
OBS-69-4-6,1,HCP-000069,PRODUCT-000004,2026-08-16,38,12,76
OBS-69-4-7,1,HCP-000069,PRODUCT-000004,2026-08-23,37,12,74
OBS-69-4-8,1,HCP-000069,PRODUCT-000004,2026-08-30,4,1,8
OBS-69-4-9,1,HCP-000069,PRODUCT-000004,2026-09-06,33,11,66
OBS-70-1-0,1,HCP-000070,PRODUCT-000001,2026-07-05,34,11,68
OBS-70-1-1,1,HCP-000070,PRODUCT-000001,2026-07-12,38,12,76
OBS-70-1-2,1,HCP-000070,PRODUCT-000001,2026-07-19,13,4,26
OBS-70-1-3,1,HCP-000070,PRODUCT-000001,2026-07-26,14,4,28
OBS-70-1-4,1,HCP-000070,PRODUCT-000001,2026-08-02,22,7,44
OBS-70-1-5,1,HCP-000070,PRODUCT-000001,2026-08-09,13,4,26
OBS-70-1-6,1,HCP-000070,PRODUCT-000001,2026-08-16,22,7,44
OBS-70-1-7,1,HCP-000070,PRODUCT-000001,2026-08-23,38,12,76
OBS-70-1-8,1,HCP-000070,PRODUCT-000001,2026-08-30,38,12,76
OBS-70-1-9,1,HCP-000070,PRODUCT-000001,2026-09-06,10,3,20
OBS-70-2-0,1,HCP-000070,PRODUCT-000002,2026-07-05,12,4,24
OBS-70-2-1,1,HCP-000070,PRODUCT-000002,2026-07-12,7,2,14
OBS-70-2-2,1,HCP-000070,PRODUCT-000002,2026-07-19,12,4,24
OBS-70-2-3,1,HCP-000070,PRODUCT-000002,2026-07-26,27,9,54
OBS-70-2-4,1,HCP-000070,PRODUCT-000002,2026-08-02,17,5,34
OBS-70-2-5,1,HCP-000070,PRODUCT-000002,2026-08-09,4,1,8
OBS-70-2-6,1,HCP-000070,PRODUCT-000002,2026-08-16,17,5,34
OBS-70-2-7,1,HCP-000070,PRODUCT-000002,2026-08-23,1,0,2
OBS-70-2-8,1,HCP-000070,PRODUCT-000002,2026-08-30,26,8,52
OBS-70-2-9,1,HCP-000070,PRODUCT-000002,2026-09-06,20,6,40
OBS-70-3-0,1,HCP-000070,PRODUCT-000003,2026-07-05,30,10,60
OBS-70-3-1,1,HCP-000070,PRODUCT-000003,2026-07-12,38,12,76
OBS-70-3-2,1,HCP-000070,PRODUCT-000003,2026-07-19,12,4,24
OBS-70-3-3,1,HCP-000070,PRODUCT-000003,2026-07-26,27,9,54
OBS-70-3-4,1,HCP-000070,PRODUCT-000003,2026-08-02,5,1,10
OBS-70-3-5,1,HCP-000070,PRODUCT-000003,2026-08-09,33,11,66
OBS-70-3-6,1,HCP-000070,PRODUCT-000003,2026-08-16,6,2,12
OBS-70-3-7,1,HCP-000070,PRODUCT-000003,2026-08-23,9,3,18
OBS-70-3-8,1,HCP-000070,PRODUCT-000003,2026-08-30,7,2,14
OBS-70-3-9,1,HCP-000070,PRODUCT-000003,2026-09-06,12,4,24
OBS-70-4-0,1,HCP-000070,PRODUCT-000004,2026-07-05,8,2,16
OBS-70-4-1,1,HCP-000070,PRODUCT-000004,2026-07-12,4,1,8
OBS-70-4-2,1,HCP-000070,PRODUCT-000004,2026-07-19,26,8,52
OBS-70-4-3,1,HCP-000070,PRODUCT-000004,2026-07-26,17,5,34
OBS-70-4-4,1,HCP-000070,PRODUCT-000004,2026-08-02,26,8,52
OBS-70-4-5,1,HCP-000070,PRODUCT-000004,2026-08-09,25,8,50
OBS-70-4-6,1,HCP-000070,PRODUCT-000004,2026-08-16,35,11,70
OBS-70-4-7,1,HCP-000070,PRODUCT-000004,2026-08-23,2,0,4
OBS-70-4-8,1,HCP-000070,PRODUCT-000004,2026-08-30,34,11,68
OBS-70-4-9,1,HCP-000070,PRODUCT-000004,2026-09-06,2,0,4
OBS-71-1-0,1,HCP-000071,PRODUCT-000001,2026-07-05,9,3,18
OBS-71-1-1,1,HCP-000071,PRODUCT-000001,2026-07-12,35,11,70
OBS-71-1-2,1,HCP-000071,PRODUCT-000001,2026-07-19,22,7,44
OBS-71-1-3,1,HCP-000071,PRODUCT-000001,2026-07-26,1,0,2
OBS-71-1-4,1,HCP-000071,PRODUCT-000001,2026-08-02,18,6,36
OBS-71-1-5,1,HCP-000071,PRODUCT-000001,2026-08-09,15,5,30
OBS-71-1-6,1,HCP-000071,PRODUCT-000001,2026-08-16,29,9,58
OBS-71-1-7,1,HCP-000071,PRODUCT-000001,2026-08-23,1,0,2
OBS-71-1-8,1,HCP-000071,PRODUCT-000001,2026-08-30,31,10,62
OBS-71-1-9,1,HCP-000071,PRODUCT-000001,2026-09-06,18,6,36
OBS-71-2-0,1,HCP-000071,PRODUCT-000002,2026-07-05,7,2,14
OBS-71-2-1,1,HCP-000071,PRODUCT-000002,2026-07-12,32,10,64
OBS-71-2-2,1,HCP-000071,PRODUCT-000002,2026-07-19,32,10,64
OBS-71-2-3,1,HCP-000071,PRODUCT-000002,2026-07-26,29,9,58
OBS-71-2-4,1,HCP-000071,PRODUCT-000002,2026-08-02,36,12,72
OBS-71-2-5,1,HCP-000071,PRODUCT-000002,2026-08-09,25,8,50
OBS-71-2-6,1,HCP-000071,PRODUCT-000002,2026-08-16,17,5,34
OBS-71-2-7,1,HCP-000071,PRODUCT-000002,2026-08-23,17,5,34
OBS-71-2-8,1,HCP-000071,PRODUCT-000002,2026-08-30,14,4,28
OBS-71-2-9,1,HCP-000071,PRODUCT-000002,2026-09-06,39,13,78
OBS-71-3-0,1,HCP-000071,PRODUCT-000003,2026-07-05,10,3,20
OBS-71-3-1,1,HCP-000071,PRODUCT-000003,2026-07-12,38,12,76
OBS-71-3-2,1,HCP-000071,PRODUCT-000003,2026-07-19,3,1,6
OBS-71-3-3,1,HCP-000071,PRODUCT-000003,2026-07-26,18,6,36
OBS-71-3-4,1,HCP-000071,PRODUCT-000003,2026-08-02,8,2,16
OBS-71-3-5,1,HCP-000071,PRODUCT-000003,2026-08-09,35,11,70
OBS-71-3-6,1,HCP-000071,PRODUCT-000003,2026-08-16,7,2,14
OBS-71-3-7,1,HCP-000071,PRODUCT-000003,2026-08-23,18,6,36
OBS-71-3-8,1,HCP-000071,PRODUCT-000003,2026-08-30,30,10,60
OBS-71-3-9,1,HCP-000071,PRODUCT-000003,2026-09-06,6,2,12
OBS-71-4-0,1,HCP-000071,PRODUCT-000004,2026-07-05,34,11,68
OBS-71-4-1,1,HCP-000071,PRODUCT-000004,2026-07-12,21,7,42
OBS-71-4-2,1,HCP-000071,PRODUCT-000004,2026-07-19,11,3,22
OBS-71-4-3,1,HCP-000071,PRODUCT-000004,2026-07-26,21,7,42
OBS-71-4-4,1,HCP-000071,PRODUCT-000004,2026-08-02,3,1,6
OBS-71-4-5,1,HCP-000071,PRODUCT-000004,2026-08-09,1,0,2
OBS-71-4-6,1,HCP-000071,PRODUCT-000004,2026-08-16,30,10,60
OBS-71-4-7,1,HCP-000071,PRODUCT-000004,2026-08-23,5,1,10
OBS-71-4-8,1,HCP-000071,PRODUCT-000004,2026-08-30,39,13,78
OBS-71-4-9,1,HCP-000071,PRODUCT-000004,2026-09-06,5,1,10
OBS-72-1-0,1,HCP-000072,PRODUCT-000001,2026-07-05,1,0,2
OBS-72-1-1,1,HCP-000072,PRODUCT-000001,2026-07-12,26,8,52
OBS-72-1-2,1,HCP-000072,PRODUCT-000001,2026-07-19,29,9,58
OBS-72-1-3,1,HCP-000072,PRODUCT-000001,2026-07-26,32,10,64
OBS-72-1-4,1,HCP-000072,PRODUCT-000001,2026-08-02,5,1,10
OBS-72-1-5,1,HCP-000072,PRODUCT-000001,2026-08-09,22,7,44
OBS-72-1-6,1,HCP-000072,PRODUCT-000001,2026-08-16,32,10,64
OBS-72-1-7,1,HCP-000072,PRODUCT-000001,2026-08-23,11,3,22
OBS-72-1-8,1,HCP-000072,PRODUCT-000001,2026-08-30,10,3,20
OBS-72-1-9,1,HCP-000072,PRODUCT-000001,2026-09-06,16,5,32
OBS-72-2-0,1,HCP-000072,PRODUCT-000002,2026-07-05,31,10,62
OBS-72-2-1,1,HCP-000072,PRODUCT-000002,2026-07-12,34,11,68
OBS-72-2-2,1,HCP-000072,PRODUCT-000002,2026-07-19,12,4,24
OBS-72-2-3,1,HCP-000072,PRODUCT-000002,2026-07-26,32,10,64
OBS-72-2-4,1,HCP-000072,PRODUCT-000002,2026-08-02,12,4,24
OBS-72-2-5,1,HCP-000072,PRODUCT-000002,2026-08-09,2,0,4
OBS-72-2-6,1,HCP-000072,PRODUCT-000002,2026-08-16,7,2,14
OBS-72-2-7,1,HCP-000072,PRODUCT-000002,2026-08-23,37,12,74
OBS-72-2-8,1,HCP-000072,PRODUCT-000002,2026-08-30,31,10,62
OBS-72-2-9,1,HCP-000072,PRODUCT-000002,2026-09-06,25,8,50
OBS-72-3-0,1,HCP-000072,PRODUCT-000003,2026-07-05,30,10,60
OBS-72-3-1,1,HCP-000072,PRODUCT-000003,2026-07-12,20,6,40
OBS-72-3-2,1,HCP-000072,PRODUCT-000003,2026-07-19,35,11,70
OBS-72-3-3,1,HCP-000072,PRODUCT-000003,2026-07-26,6,2,12
OBS-72-3-4,1,HCP-000072,PRODUCT-000003,2026-08-02,27,9,54
OBS-72-3-5,1,HCP-000072,PRODUCT-000003,2026-08-09,9,3,18
OBS-72-3-6,1,HCP-000072,PRODUCT-000003,2026-08-16,30,10,60
OBS-72-3-7,1,HCP-000072,PRODUCT-000003,2026-08-23,20,6,40
OBS-72-3-8,1,HCP-000072,PRODUCT-000003,2026-08-30,27,9,54
OBS-72-3-9,1,HCP-000072,PRODUCT-000003,2026-09-06,9,3,18
OBS-72-4-0,1,HCP-000072,PRODUCT-000004,2026-07-05,39,13,78
OBS-72-4-1,1,HCP-000072,PRODUCT-000004,2026-07-12,30,10,60
OBS-72-4-2,1,HCP-000072,PRODUCT-000004,2026-07-19,15,5,30
OBS-72-4-3,1,HCP-000072,PRODUCT-000004,2026-07-26,8,2,16
OBS-72-4-4,1,HCP-000072,PRODUCT-000004,2026-08-02,24,8,48
OBS-72-4-5,1,HCP-000072,PRODUCT-000004,2026-08-09,26,8,52
OBS-72-4-6,1,HCP-000072,PRODUCT-000004,2026-08-16,36,12,72
OBS-72-4-7,1,HCP-000072,PRODUCT-000004,2026-08-23,10,3,20
OBS-72-4-8,1,HCP-000072,PRODUCT-000004,2026-08-30,20,6,40
OBS-72-4-9,1,HCP-000072,PRODUCT-000004,2026-09-06,1,0,2
OBS-73-1-0,1,HCP-000073,PRODUCT-000001,2026-07-05,39,13,78
OBS-73-1-1,1,HCP-000073,PRODUCT-000001,2026-07-12,16,5,32
OBS-73-1-2,1,HCP-000073,PRODUCT-000001,2026-07-19,12,4,24
OBS-73-1-3,1,HCP-000073,PRODUCT-000001,2026-07-26,36,12,72
OBS-73-1-4,1,HCP-000073,PRODUCT-000001,2026-08-02,10,3,20
OBS-73-1-5,1,HCP-000073,PRODUCT-000001,2026-08-09,11,3,22
OBS-73-1-6,1,HCP-000073,PRODUCT-000001,2026-08-16,29,9,58
OBS-73-1-7,1,HCP-000073,PRODUCT-000001,2026-08-23,32,10,64
OBS-73-1-8,1,HCP-000073,PRODUCT-000001,2026-08-30,11,3,22
OBS-73-1-9,1,HCP-000073,PRODUCT-000001,2026-09-06,33,11,66
OBS-73-2-0,1,HCP-000073,PRODUCT-000002,2026-07-05,13,4,26
OBS-73-2-1,1,HCP-000073,PRODUCT-000002,2026-07-12,30,10,60
OBS-73-2-2,1,HCP-000073,PRODUCT-000002,2026-07-19,8,2,16
OBS-73-2-3,1,HCP-000073,PRODUCT-000002,2026-07-26,32,10,64
OBS-73-2-4,1,HCP-000073,PRODUCT-000002,2026-08-02,23,7,46
OBS-73-2-5,1,HCP-000073,PRODUCT-000002,2026-08-09,2,0,4
OBS-73-2-6,1,HCP-000073,PRODUCT-000002,2026-08-16,15,5,30
OBS-73-2-7,1,HCP-000073,PRODUCT-000002,2026-08-23,22,7,44
OBS-73-2-8,1,HCP-000073,PRODUCT-000002,2026-08-30,36,12,72
OBS-73-2-9,1,HCP-000073,PRODUCT-000002,2026-09-06,6,2,12
OBS-73-3-0,1,HCP-000073,PRODUCT-000003,2026-07-05,3,1,6
OBS-73-3-1,1,HCP-000073,PRODUCT-000003,2026-07-12,29,9,58
OBS-73-3-2,1,HCP-000073,PRODUCT-000003,2026-07-19,23,7,46
OBS-73-3-3,1,HCP-000073,PRODUCT-000003,2026-07-26,8,2,16
OBS-73-3-4,1,HCP-000073,PRODUCT-000003,2026-08-02,22,7,44
OBS-73-3-5,1,HCP-000073,PRODUCT-000003,2026-08-09,19,6,38
OBS-73-3-6,1,HCP-000073,PRODUCT-000003,2026-08-16,21,7,42
OBS-73-3-7,1,HCP-000073,PRODUCT-000003,2026-08-23,39,13,78
OBS-73-3-8,1,HCP-000073,PRODUCT-000003,2026-08-30,2,0,4
OBS-73-3-9,1,HCP-000073,PRODUCT-000003,2026-09-06,38,12,76
OBS-73-4-0,1,HCP-000073,PRODUCT-000004,2026-07-05,11,3,22
OBS-73-4-1,1,HCP-000073,PRODUCT-000004,2026-07-12,20,6,40
OBS-73-4-2,1,HCP-000073,PRODUCT-000004,2026-07-19,28,9,56
OBS-73-4-3,1,HCP-000073,PRODUCT-000004,2026-07-26,31,10,62
OBS-73-4-4,1,HCP-000073,PRODUCT-000004,2026-08-02,18,6,36
OBS-73-4-5,1,HCP-000073,PRODUCT-000004,2026-08-09,6,2,12
OBS-73-4-6,1,HCP-000073,PRODUCT-000004,2026-08-16,20,6,40
OBS-73-4-7,1,HCP-000073,PRODUCT-000004,2026-08-23,18,6,36
OBS-73-4-8,1,HCP-000073,PRODUCT-000004,2026-08-30,31,10,62
OBS-73-4-9,1,HCP-000073,PRODUCT-000004,2026-09-06,36,12,72
OBS-74-1-0,1,HCP-000074,PRODUCT-000001,2026-07-05,2,0,4
OBS-74-1-1,1,HCP-000074,PRODUCT-000001,2026-07-12,29,9,58
OBS-74-1-2,1,HCP-000074,PRODUCT-000001,2026-07-19,35,11,70
OBS-74-1-3,1,HCP-000074,PRODUCT-000001,2026-07-26,1,0,2
OBS-74-1-4,1,HCP-000074,PRODUCT-000001,2026-08-02,29,9,58
OBS-74-1-5,1,HCP-000074,PRODUCT-000001,2026-08-09,30,10,60
OBS-74-1-6,1,HCP-000074,PRODUCT-000001,2026-08-16,25,8,50
OBS-74-1-7,1,HCP-000074,PRODUCT-000001,2026-08-23,9,3,18
OBS-74-1-8,1,HCP-000074,PRODUCT-000001,2026-08-30,18,6,36
OBS-74-1-9,1,HCP-000074,PRODUCT-000001,2026-09-06,33,11,66
OBS-74-2-0,1,HCP-000074,PRODUCT-000002,2026-07-05,32,10,64
OBS-74-2-1,1,HCP-000074,PRODUCT-000002,2026-07-12,31,10,62
OBS-74-2-2,1,HCP-000074,PRODUCT-000002,2026-07-19,26,8,52
OBS-74-2-3,1,HCP-000074,PRODUCT-000002,2026-07-26,24,8,48
OBS-74-2-4,1,HCP-000074,PRODUCT-000002,2026-08-02,8,2,16
OBS-74-2-5,1,HCP-000074,PRODUCT-000002,2026-08-09,21,7,42
OBS-74-2-6,1,HCP-000074,PRODUCT-000002,2026-08-16,19,6,38
OBS-74-2-7,1,HCP-000074,PRODUCT-000002,2026-08-23,2,0,4
OBS-74-2-8,1,HCP-000074,PRODUCT-000002,2026-08-30,27,9,54
OBS-74-2-9,1,HCP-000074,PRODUCT-000002,2026-09-06,30,10,60
OBS-74-3-0,1,HCP-000074,PRODUCT-000003,2026-07-05,13,4,26
OBS-74-3-1,1,HCP-000074,PRODUCT-000003,2026-07-12,34,11,68
OBS-74-3-2,1,HCP-000074,PRODUCT-000003,2026-07-19,25,8,50
OBS-74-3-3,1,HCP-000074,PRODUCT-000003,2026-07-26,22,7,44
OBS-74-3-4,1,HCP-000074,PRODUCT-000003,2026-08-02,1,0,2
OBS-74-3-5,1,HCP-000074,PRODUCT-000003,2026-08-09,33,11,66
OBS-74-3-6,1,HCP-000074,PRODUCT-000003,2026-08-16,3,1,6
OBS-74-3-7,1,HCP-000074,PRODUCT-000003,2026-08-23,5,1,10
OBS-74-3-8,1,HCP-000074,PRODUCT-000003,2026-08-30,33,11,66
OBS-74-3-9,1,HCP-000074,PRODUCT-000003,2026-09-06,27,9,54
OBS-74-4-0,1,HCP-000074,PRODUCT-000004,2026-07-05,4,1,8
OBS-74-4-1,1,HCP-000074,PRODUCT-000004,2026-07-12,12,4,24
OBS-74-4-2,1,HCP-000074,PRODUCT-000004,2026-07-19,28,9,56
OBS-74-4-3,1,HCP-000074,PRODUCT-000004,2026-07-26,37,12,74
OBS-74-4-4,1,HCP-000074,PRODUCT-000004,2026-08-02,39,13,78
OBS-74-4-5,1,HCP-000074,PRODUCT-000004,2026-08-09,26,8,52
OBS-74-4-6,1,HCP-000074,PRODUCT-000004,2026-08-16,27,9,54
OBS-74-4-7,1,HCP-000074,PRODUCT-000004,2026-08-23,13,4,26
OBS-74-4-8,1,HCP-000074,PRODUCT-000004,2026-08-30,36,12,72
OBS-74-4-9,1,HCP-000074,PRODUCT-000004,2026-09-06,21,7,42
OBS-75-1-0,1,HCP-000075,PRODUCT-000001,2026-07-05,13,4,26
OBS-75-1-1,1,HCP-000075,PRODUCT-000001,2026-07-12,39,13,78
OBS-75-1-2,1,HCP-000075,PRODUCT-000001,2026-07-19,24,8,48
OBS-75-1-3,1,HCP-000075,PRODUCT-000001,2026-07-26,12,4,24
OBS-75-1-4,1,HCP-000075,PRODUCT-000001,2026-08-02,8,2,16
OBS-75-1-5,1,HCP-000075,PRODUCT-000001,2026-08-09,32,10,64
OBS-75-1-6,1,HCP-000075,PRODUCT-000001,2026-08-16,37,12,74
OBS-75-1-7,1,HCP-000075,PRODUCT-000001,2026-08-23,22,7,44
OBS-75-1-8,1,HCP-000075,PRODUCT-000001,2026-08-30,24,8,48
OBS-75-1-9,1,HCP-000075,PRODUCT-000001,2026-09-06,4,1,8
OBS-75-2-0,1,HCP-000075,PRODUCT-000002,2026-07-05,18,6,36
OBS-75-2-1,1,HCP-000075,PRODUCT-000002,2026-07-12,1,0,2
OBS-75-2-2,1,HCP-000075,PRODUCT-000002,2026-07-19,10,3,20
OBS-75-2-3,1,HCP-000075,PRODUCT-000002,2026-07-26,29,9,58
OBS-75-2-4,1,HCP-000075,PRODUCT-000002,2026-08-02,12,4,24
OBS-75-2-5,1,HCP-000075,PRODUCT-000002,2026-08-09,4,1,8
OBS-75-2-6,1,HCP-000075,PRODUCT-000002,2026-08-16,5,1,10
OBS-75-2-7,1,HCP-000075,PRODUCT-000002,2026-08-23,8,2,16
OBS-75-2-8,1,HCP-000075,PRODUCT-000002,2026-08-30,36,12,72
OBS-75-2-9,1,HCP-000075,PRODUCT-000002,2026-09-06,9,3,18
OBS-75-3-0,1,HCP-000075,PRODUCT-000003,2026-07-05,29,9,58
OBS-75-3-1,1,HCP-000075,PRODUCT-000003,2026-07-12,3,1,6
OBS-75-3-2,1,HCP-000075,PRODUCT-000003,2026-07-19,35,11,70
OBS-75-3-3,1,HCP-000075,PRODUCT-000003,2026-07-26,18,6,36
OBS-75-3-4,1,HCP-000075,PRODUCT-000003,2026-08-02,30,10,60
OBS-75-3-5,1,HCP-000075,PRODUCT-000003,2026-08-09,36,12,72
OBS-75-3-6,1,HCP-000075,PRODUCT-000003,2026-08-16,3,1,6
OBS-75-3-7,1,HCP-000075,PRODUCT-000003,2026-08-23,9,3,18
OBS-75-3-8,1,HCP-000075,PRODUCT-000003,2026-08-30,13,4,26
OBS-75-3-9,1,HCP-000075,PRODUCT-000003,2026-09-06,24,8,48
OBS-75-4-0,1,HCP-000075,PRODUCT-000004,2026-07-05,17,5,34
OBS-75-4-1,1,HCP-000075,PRODUCT-000004,2026-07-12,38,12,76
OBS-75-4-2,1,HCP-000075,PRODUCT-000004,2026-07-19,19,6,38
OBS-75-4-3,1,HCP-000075,PRODUCT-000004,2026-07-26,10,3,20
OBS-75-4-4,1,HCP-000075,PRODUCT-000004,2026-08-02,26,8,52
OBS-75-4-5,1,HCP-000075,PRODUCT-000004,2026-08-09,6,2,12
OBS-75-4-6,1,HCP-000075,PRODUCT-000004,2026-08-16,12,4,24
OBS-75-4-7,1,HCP-000075,PRODUCT-000004,2026-08-23,7,2,14
OBS-75-4-8,1,HCP-000075,PRODUCT-000004,2026-08-30,23,7,46
OBS-75-4-9,1,HCP-000075,PRODUCT-000004,2026-09-06,35,11,70
OBS-76-1-0,1,HCP-000076,PRODUCT-000001,2026-07-05,18,6,36
OBS-76-1-1,1,HCP-000076,PRODUCT-000001,2026-07-12,4,1,8
OBS-76-1-2,1,HCP-000076,PRODUCT-000001,2026-07-19,16,5,32
OBS-76-1-3,1,HCP-000076,PRODUCT-000001,2026-07-26,22,7,44
OBS-76-1-4,1,HCP-000076,PRODUCT-000001,2026-08-02,9,3,18
OBS-76-1-5,1,HCP-000076,PRODUCT-000001,2026-08-09,25,8,50
OBS-76-1-6,1,HCP-000076,PRODUCT-000001,2026-08-16,19,6,38
OBS-76-1-7,1,HCP-000076,PRODUCT-000001,2026-08-23,39,13,78
OBS-76-1-8,1,HCP-000076,PRODUCT-000001,2026-08-30,39,13,78
OBS-76-1-9,1,HCP-000076,PRODUCT-000001,2026-09-06,14,4,28
OBS-76-2-0,1,HCP-000076,PRODUCT-000002,2026-07-05,28,9,56
OBS-76-2-1,1,HCP-000076,PRODUCT-000002,2026-07-12,21,7,42
OBS-76-2-2,1,HCP-000076,PRODUCT-000002,2026-07-19,37,12,74
OBS-76-2-3,1,HCP-000076,PRODUCT-000002,2026-07-26,29,9,58
OBS-76-2-4,1,HCP-000076,PRODUCT-000002,2026-08-02,38,12,76
OBS-76-2-5,1,HCP-000076,PRODUCT-000002,2026-08-09,9,3,18
OBS-76-2-6,1,HCP-000076,PRODUCT-000002,2026-08-16,17,5,34
OBS-76-2-7,1,HCP-000076,PRODUCT-000002,2026-08-23,9,3,18
OBS-76-2-8,1,HCP-000076,PRODUCT-000002,2026-08-30,4,1,8
OBS-76-2-9,1,HCP-000076,PRODUCT-000002,2026-09-06,7,2,14
OBS-76-3-0,1,HCP-000076,PRODUCT-000003,2026-07-05,4,1,8
OBS-76-3-1,1,HCP-000076,PRODUCT-000003,2026-07-12,20,6,40
OBS-76-3-2,1,HCP-000076,PRODUCT-000003,2026-07-19,17,5,34
OBS-76-3-3,1,HCP-000076,PRODUCT-000003,2026-07-26,1,0,2
OBS-76-3-4,1,HCP-000076,PRODUCT-000003,2026-08-02,21,7,42
OBS-76-3-5,1,HCP-000076,PRODUCT-000003,2026-08-09,37,12,74
OBS-76-3-6,1,HCP-000076,PRODUCT-000003,2026-08-16,25,8,50
OBS-76-3-7,1,HCP-000076,PRODUCT-000003,2026-08-23,16,5,32
OBS-76-3-8,1,HCP-000076,PRODUCT-000003,2026-08-30,4,1,8
OBS-76-3-9,1,HCP-000076,PRODUCT-000003,2026-09-06,1,0,2
OBS-76-4-0,1,HCP-000076,PRODUCT-000004,2026-07-05,25,8,50
OBS-76-4-1,1,HCP-000076,PRODUCT-000004,2026-07-12,18,6,36
OBS-76-4-2,1,HCP-000076,PRODUCT-000004,2026-07-19,25,8,50
OBS-76-4-3,1,HCP-000076,PRODUCT-000004,2026-07-26,7,2,14
OBS-76-4-4,1,HCP-000076,PRODUCT-000004,2026-08-02,20,6,40
OBS-76-4-5,1,HCP-000076,PRODUCT-000004,2026-08-09,10,3,20
OBS-76-4-6,1,HCP-000076,PRODUCT-000004,2026-08-16,4,1,8
OBS-76-4-7,1,HCP-000076,PRODUCT-000004,2026-08-23,35,11,70
OBS-76-4-8,1,HCP-000076,PRODUCT-000004,2026-08-30,2,0,4
OBS-76-4-9,1,HCP-000076,PRODUCT-000004,2026-09-06,26,8,52
OBS-77-1-0,1,HCP-000077,PRODUCT-000001,2026-07-05,13,4,26
OBS-77-1-1,1,HCP-000077,PRODUCT-000001,2026-07-12,21,7,42
OBS-77-1-2,1,HCP-000077,PRODUCT-000001,2026-07-19,34,11,68
OBS-77-1-3,1,HCP-000077,PRODUCT-000001,2026-07-26,30,10,60
OBS-77-1-4,1,HCP-000077,PRODUCT-000001,2026-08-02,5,1,10
OBS-77-1-5,1,HCP-000077,PRODUCT-000001,2026-08-09,8,2,16
OBS-77-1-6,1,HCP-000077,PRODUCT-000001,2026-08-16,37,12,74
OBS-77-1-7,1,HCP-000077,PRODUCT-000001,2026-08-23,2,0,4
OBS-77-1-8,1,HCP-000077,PRODUCT-000001,2026-08-30,10,3,20
OBS-77-1-9,1,HCP-000077,PRODUCT-000001,2026-09-06,23,7,46
OBS-77-2-0,1,HCP-000077,PRODUCT-000002,2026-07-05,20,6,40
OBS-77-2-1,1,HCP-000077,PRODUCT-000002,2026-07-12,4,1,8
OBS-77-2-2,1,HCP-000077,PRODUCT-000002,2026-07-19,29,9,58
OBS-77-2-3,1,HCP-000077,PRODUCT-000002,2026-07-26,39,13,78
OBS-77-2-4,1,HCP-000077,PRODUCT-000002,2026-08-02,14,4,28
OBS-77-2-5,1,HCP-000077,PRODUCT-000002,2026-08-09,36,12,72
OBS-77-2-6,1,HCP-000077,PRODUCT-000002,2026-08-16,24,8,48
OBS-77-2-7,1,HCP-000077,PRODUCT-000002,2026-08-23,34,11,68
OBS-77-2-8,1,HCP-000077,PRODUCT-000002,2026-08-30,3,1,6
OBS-77-2-9,1,HCP-000077,PRODUCT-000002,2026-09-06,5,1,10
OBS-77-3-0,1,HCP-000077,PRODUCT-000003,2026-07-05,11,3,22
OBS-77-3-1,1,HCP-000077,PRODUCT-000003,2026-07-12,37,12,74
OBS-77-3-2,1,HCP-000077,PRODUCT-000003,2026-07-19,20,6,40
OBS-77-3-3,1,HCP-000077,PRODUCT-000003,2026-07-26,11,3,22
OBS-77-3-4,1,HCP-000077,PRODUCT-000003,2026-08-02,19,6,38
OBS-77-3-5,1,HCP-000077,PRODUCT-000003,2026-08-09,12,4,24
OBS-77-3-6,1,HCP-000077,PRODUCT-000003,2026-08-16,18,6,36
OBS-77-3-7,1,HCP-000077,PRODUCT-000003,2026-08-23,12,4,24
OBS-77-3-8,1,HCP-000077,PRODUCT-000003,2026-08-30,25,8,50
OBS-77-3-9,1,HCP-000077,PRODUCT-000003,2026-09-06,15,5,30
OBS-77-4-0,1,HCP-000077,PRODUCT-000004,2026-07-05,10,3,20
OBS-77-4-1,1,HCP-000077,PRODUCT-000004,2026-07-12,21,7,42
OBS-77-4-2,1,HCP-000077,PRODUCT-000004,2026-07-19,35,11,70
OBS-77-4-3,1,HCP-000077,PRODUCT-000004,2026-07-26,14,4,28
OBS-77-4-4,1,HCP-000077,PRODUCT-000004,2026-08-02,19,6,38
OBS-77-4-5,1,HCP-000077,PRODUCT-000004,2026-08-09,5,1,10
OBS-77-4-6,1,HCP-000077,PRODUCT-000004,2026-08-16,2,0,4
OBS-77-4-7,1,HCP-000077,PRODUCT-000004,2026-08-23,27,9,54
OBS-77-4-8,1,HCP-000077,PRODUCT-000004,2026-08-30,39,13,78
OBS-77-4-9,1,HCP-000077,PRODUCT-000004,2026-09-06,8,2,16
OBS-78-1-0,1,HCP-000078,PRODUCT-000001,2026-07-05,4,1,8
OBS-78-1-1,1,HCP-000078,PRODUCT-000001,2026-07-12,24,8,48
OBS-78-1-2,1,HCP-000078,PRODUCT-000001,2026-07-19,19,6,38
OBS-78-1-3,1,HCP-000078,PRODUCT-000001,2026-07-26,28,9,56
OBS-78-1-4,1,HCP-000078,PRODUCT-000001,2026-08-02,19,6,38
OBS-78-1-5,1,HCP-000078,PRODUCT-000001,2026-08-09,25,8,50
OBS-78-1-6,1,HCP-000078,PRODUCT-000001,2026-08-16,29,9,58
OBS-78-1-7,1,HCP-000078,PRODUCT-000001,2026-08-23,24,8,48
OBS-78-1-8,1,HCP-000078,PRODUCT-000001,2026-08-30,20,6,40
OBS-78-1-9,1,HCP-000078,PRODUCT-000001,2026-09-06,10,3,20
OBS-78-2-0,1,HCP-000078,PRODUCT-000002,2026-07-05,32,10,64
OBS-78-2-1,1,HCP-000078,PRODUCT-000002,2026-07-12,8,2,16
OBS-78-2-2,1,HCP-000078,PRODUCT-000002,2026-07-19,22,7,44
OBS-78-2-3,1,HCP-000078,PRODUCT-000002,2026-07-26,15,5,30
OBS-78-2-4,1,HCP-000078,PRODUCT-000002,2026-08-02,20,6,40
OBS-78-2-5,1,HCP-000078,PRODUCT-000002,2026-08-09,34,11,68
OBS-78-2-6,1,HCP-000078,PRODUCT-000002,2026-08-16,6,2,12
OBS-78-2-7,1,HCP-000078,PRODUCT-000002,2026-08-23,31,10,62
OBS-78-2-8,1,HCP-000078,PRODUCT-000002,2026-08-30,15,5,30
OBS-78-2-9,1,HCP-000078,PRODUCT-000002,2026-09-06,20,6,40
OBS-78-3-0,1,HCP-000078,PRODUCT-000003,2026-07-05,10,3,20
OBS-78-3-1,1,HCP-000078,PRODUCT-000003,2026-07-12,2,0,4
OBS-78-3-2,1,HCP-000078,PRODUCT-000003,2026-07-19,20,6,40
OBS-78-3-3,1,HCP-000078,PRODUCT-000003,2026-07-26,6,2,12
OBS-78-3-4,1,HCP-000078,PRODUCT-000003,2026-08-02,39,13,78
OBS-78-3-5,1,HCP-000078,PRODUCT-000003,2026-08-09,33,11,66
OBS-78-3-6,1,HCP-000078,PRODUCT-000003,2026-08-16,28,9,56
OBS-78-3-7,1,HCP-000078,PRODUCT-000003,2026-08-23,29,9,58
OBS-78-3-8,1,HCP-000078,PRODUCT-000003,2026-08-30,18,6,36
OBS-78-3-9,1,HCP-000078,PRODUCT-000003,2026-09-06,36,12,72
OBS-78-4-0,1,HCP-000078,PRODUCT-000004,2026-07-05,22,7,44
OBS-78-4-1,1,HCP-000078,PRODUCT-000004,2026-07-12,20,6,40
OBS-78-4-2,1,HCP-000078,PRODUCT-000004,2026-07-19,34,11,68
OBS-78-4-3,1,HCP-000078,PRODUCT-000004,2026-07-26,14,4,28
OBS-78-4-4,1,HCP-000078,PRODUCT-000004,2026-08-02,19,6,38
OBS-78-4-5,1,HCP-000078,PRODUCT-000004,2026-08-09,28,9,56
OBS-78-4-6,1,HCP-000078,PRODUCT-000004,2026-08-16,34,11,68
OBS-78-4-7,1,HCP-000078,PRODUCT-000004,2026-08-23,27,9,54
OBS-78-4-8,1,HCP-000078,PRODUCT-000004,2026-08-30,22,7,44
OBS-78-4-9,1,HCP-000078,PRODUCT-000004,2026-09-06,28,9,56
OBS-79-1-0,1,HCP-000079,PRODUCT-000001,2026-07-05,22,7,44
OBS-79-1-1,1,HCP-000079,PRODUCT-000001,2026-07-12,26,8,52
OBS-79-1-2,1,HCP-000079,PRODUCT-000001,2026-07-19,36,12,72
OBS-79-1-3,1,HCP-000079,PRODUCT-000001,2026-07-26,36,12,72
OBS-79-1-4,1,HCP-000079,PRODUCT-000001,2026-08-02,15,5,30
OBS-79-1-5,1,HCP-000079,PRODUCT-000001,2026-08-09,8,2,16
OBS-79-1-6,1,HCP-000079,PRODUCT-000001,2026-08-16,3,1,6
OBS-79-1-7,1,HCP-000079,PRODUCT-000001,2026-08-23,39,13,78
OBS-79-1-8,1,HCP-000079,PRODUCT-000001,2026-08-30,3,1,6
OBS-79-1-9,1,HCP-000079,PRODUCT-000001,2026-09-06,10,3,20
OBS-79-2-0,1,HCP-000079,PRODUCT-000002,2026-07-05,18,6,36
OBS-79-2-1,1,HCP-000079,PRODUCT-000002,2026-07-12,9,3,18
OBS-79-2-2,1,HCP-000079,PRODUCT-000002,2026-07-19,18,6,36
OBS-79-2-3,1,HCP-000079,PRODUCT-000002,2026-07-26,9,3,18
OBS-79-2-4,1,HCP-000079,PRODUCT-000002,2026-08-02,21,7,42
OBS-79-2-5,1,HCP-000079,PRODUCT-000002,2026-08-09,2,0,4
OBS-79-2-6,1,HCP-000079,PRODUCT-000002,2026-08-16,34,11,68
OBS-79-2-7,1,HCP-000079,PRODUCT-000002,2026-08-23,16,5,32
OBS-79-2-8,1,HCP-000079,PRODUCT-000002,2026-08-30,10,3,20
OBS-79-2-9,1,HCP-000079,PRODUCT-000002,2026-09-06,27,9,54
OBS-79-3-0,1,HCP-000079,PRODUCT-000003,2026-07-05,15,5,30
OBS-79-3-1,1,HCP-000079,PRODUCT-000003,2026-07-12,10,3,20
OBS-79-3-2,1,HCP-000079,PRODUCT-000003,2026-07-19,12,4,24
OBS-79-3-3,1,HCP-000079,PRODUCT-000003,2026-07-26,17,5,34
OBS-79-3-4,1,HCP-000079,PRODUCT-000003,2026-08-02,16,5,32
OBS-79-3-5,1,HCP-000079,PRODUCT-000003,2026-08-09,29,9,58
OBS-79-3-6,1,HCP-000079,PRODUCT-000003,2026-08-16,10,3,20
OBS-79-3-7,1,HCP-000079,PRODUCT-000003,2026-08-23,26,8,52
OBS-79-3-8,1,HCP-000079,PRODUCT-000003,2026-08-30,30,10,60
OBS-79-3-9,1,HCP-000079,PRODUCT-000003,2026-09-06,22,7,44
OBS-79-4-0,1,HCP-000079,PRODUCT-000004,2026-07-05,39,13,78
OBS-79-4-1,1,HCP-000079,PRODUCT-000004,2026-07-12,12,4,24
OBS-79-4-2,1,HCP-000079,PRODUCT-000004,2026-07-19,1,0,2
OBS-79-4-3,1,HCP-000079,PRODUCT-000004,2026-07-26,20,6,40
OBS-79-4-4,1,HCP-000079,PRODUCT-000004,2026-08-02,7,2,14
OBS-79-4-5,1,HCP-000079,PRODUCT-000004,2026-08-09,15,5,30
OBS-79-4-6,1,HCP-000079,PRODUCT-000004,2026-08-16,2,0,4
OBS-79-4-7,1,HCP-000079,PRODUCT-000004,2026-08-23,8,2,16
OBS-79-4-8,1,HCP-000079,PRODUCT-000004,2026-08-30,2,0,4
OBS-79-4-9,1,HCP-000079,PRODUCT-000004,2026-09-06,2,0,4
OBS-80-1-0,1,HCP-000080,PRODUCT-000001,2026-07-05,18,6,36
OBS-80-1-1,1,HCP-000080,PRODUCT-000001,2026-07-12,8,2,16
OBS-80-1-2,1,HCP-000080,PRODUCT-000001,2026-07-19,33,11,66
OBS-80-1-3,1,HCP-000080,PRODUCT-000001,2026-07-26,34,11,68
OBS-80-1-4,1,HCP-000080,PRODUCT-000001,2026-08-02,1,0,2
OBS-80-1-5,1,HCP-000080,PRODUCT-000001,2026-08-09,11,3,22
OBS-80-1-6,1,HCP-000080,PRODUCT-000001,2026-08-16,31,10,62
OBS-80-1-7,1,HCP-000080,PRODUCT-000001,2026-08-23,39,13,78
OBS-80-1-8,1,HCP-000080,PRODUCT-000001,2026-08-30,38,12,76
OBS-80-1-9,1,HCP-000080,PRODUCT-000001,2026-09-06,28,9,56
OBS-80-2-0,1,HCP-000080,PRODUCT-000002,2026-07-05,37,12,74
OBS-80-2-1,1,HCP-000080,PRODUCT-000002,2026-07-12,14,4,28
OBS-80-2-2,1,HCP-000080,PRODUCT-000002,2026-07-19,18,6,36
OBS-80-2-3,1,HCP-000080,PRODUCT-000002,2026-07-26,23,7,46
OBS-80-2-4,1,HCP-000080,PRODUCT-000002,2026-08-02,29,9,58
OBS-80-2-5,1,HCP-000080,PRODUCT-000002,2026-08-09,31,10,62
OBS-80-2-6,1,HCP-000080,PRODUCT-000002,2026-08-16,14,4,28
OBS-80-2-7,1,HCP-000080,PRODUCT-000002,2026-08-23,27,9,54
OBS-80-2-8,1,HCP-000080,PRODUCT-000002,2026-08-30,28,9,56
OBS-80-2-9,1,HCP-000080,PRODUCT-000002,2026-09-06,31,10,62
OBS-80-3-0,1,HCP-000080,PRODUCT-000003,2026-07-05,33,11,66
OBS-80-3-1,1,HCP-000080,PRODUCT-000003,2026-07-12,7,2,14
OBS-80-3-2,1,HCP-000080,PRODUCT-000003,2026-07-19,8,2,16
OBS-80-3-3,1,HCP-000080,PRODUCT-000003,2026-07-26,31,10,62
OBS-80-3-4,1,HCP-000080,PRODUCT-000003,2026-08-02,37,12,74
OBS-80-3-5,1,HCP-000080,PRODUCT-000003,2026-08-09,27,9,54
OBS-80-3-6,1,HCP-000080,PRODUCT-000003,2026-08-16,2,0,4
OBS-80-3-7,1,HCP-000080,PRODUCT-000003,2026-08-23,10,3,20
OBS-80-3-8,1,HCP-000080,PRODUCT-000003,2026-08-30,11,3,22
OBS-80-3-9,1,HCP-000080,PRODUCT-000003,2026-09-06,20,6,40
OBS-80-4-0,1,HCP-000080,PRODUCT-000004,2026-07-05,28,9,56
OBS-80-4-1,1,HCP-000080,PRODUCT-000004,2026-07-12,13,4,26
OBS-80-4-2,1,HCP-000080,PRODUCT-000004,2026-07-19,19,6,38
OBS-80-4-3,1,HCP-000080,PRODUCT-000004,2026-07-26,10,3,20
OBS-80-4-4,1,HCP-000080,PRODUCT-000004,2026-08-02,29,9,58
OBS-80-4-5,1,HCP-000080,PRODUCT-000004,2026-08-09,13,4,26
OBS-80-4-6,1,HCP-000080,PRODUCT-000004,2026-08-16,26,8,52
OBS-80-4-7,1,HCP-000080,PRODUCT-000004,2026-08-23,35,11,70
OBS-80-4-8,1,HCP-000080,PRODUCT-000004,2026-08-30,1,0,2
OBS-80-4-9,1,HCP-000080,PRODUCT-000004,2026-09-06,7,2,14
OBS-81-1-0,1,HCP-000081,PRODUCT-000001,2026-07-05,8,2,16
OBS-81-1-1,1,HCP-000081,PRODUCT-000001,2026-07-12,25,8,50
OBS-81-1-2,1,HCP-000081,PRODUCT-000001,2026-07-19,19,6,38
OBS-81-1-3,1,HCP-000081,PRODUCT-000001,2026-07-26,5,1,10
OBS-81-1-4,1,HCP-000081,PRODUCT-000001,2026-08-02,15,5,30
OBS-81-1-5,1,HCP-000081,PRODUCT-000001,2026-08-09,23,7,46
OBS-81-1-6,1,HCP-000081,PRODUCT-000001,2026-08-16,33,11,66
OBS-81-1-7,1,HCP-000081,PRODUCT-000001,2026-08-23,37,12,74
OBS-81-1-8,1,HCP-000081,PRODUCT-000001,2026-08-30,5,1,10
OBS-81-1-9,1,HCP-000081,PRODUCT-000001,2026-09-06,15,5,30
OBS-81-2-0,1,HCP-000081,PRODUCT-000002,2026-07-05,21,7,42
OBS-81-2-1,1,HCP-000081,PRODUCT-000002,2026-07-12,29,9,58
OBS-81-2-2,1,HCP-000081,PRODUCT-000002,2026-07-19,16,5,32
OBS-81-2-3,1,HCP-000081,PRODUCT-000002,2026-07-26,34,11,68
OBS-81-2-4,1,HCP-000081,PRODUCT-000002,2026-08-02,27,9,54
OBS-81-2-5,1,HCP-000081,PRODUCT-000002,2026-08-09,6,2,12
OBS-81-2-6,1,HCP-000081,PRODUCT-000002,2026-08-16,38,12,76
OBS-81-2-7,1,HCP-000081,PRODUCT-000002,2026-08-23,8,2,16
OBS-81-2-8,1,HCP-000081,PRODUCT-000002,2026-08-30,20,6,40
OBS-81-2-9,1,HCP-000081,PRODUCT-000002,2026-09-06,26,8,52
OBS-81-3-0,1,HCP-000081,PRODUCT-000003,2026-07-05,7,2,14
OBS-81-3-1,1,HCP-000081,PRODUCT-000003,2026-07-12,38,12,76
OBS-81-3-2,1,HCP-000081,PRODUCT-000003,2026-07-19,24,8,48
OBS-81-3-3,1,HCP-000081,PRODUCT-000003,2026-07-26,14,4,28
OBS-81-3-4,1,HCP-000081,PRODUCT-000003,2026-08-02,17,5,34
OBS-81-3-5,1,HCP-000081,PRODUCT-000003,2026-08-09,6,2,12
OBS-81-3-6,1,HCP-000081,PRODUCT-000003,2026-08-16,5,1,10
OBS-81-3-7,1,HCP-000081,PRODUCT-000003,2026-08-23,27,9,54
OBS-81-3-8,1,HCP-000081,PRODUCT-000003,2026-08-30,28,9,56
OBS-81-3-9,1,HCP-000081,PRODUCT-000003,2026-09-06,3,1,6
OBS-81-4-0,1,HCP-000081,PRODUCT-000004,2026-07-05,10,3,20
OBS-81-4-1,1,HCP-000081,PRODUCT-000004,2026-07-12,39,13,78
OBS-81-4-2,1,HCP-000081,PRODUCT-000004,2026-07-19,3,1,6
OBS-81-4-3,1,HCP-000081,PRODUCT-000004,2026-07-26,19,6,38
OBS-81-4-4,1,HCP-000081,PRODUCT-000004,2026-08-02,10,3,20
OBS-81-4-5,1,HCP-000081,PRODUCT-000004,2026-08-09,22,7,44
OBS-81-4-6,1,HCP-000081,PRODUCT-000004,2026-08-16,6,2,12
OBS-81-4-7,1,HCP-000081,PRODUCT-000004,2026-08-23,11,3,22
OBS-81-4-8,1,HCP-000081,PRODUCT-000004,2026-08-30,39,13,78
OBS-81-4-9,1,HCP-000081,PRODUCT-000004,2026-09-06,14,4,28
OBS-82-1-0,1,HCP-000082,PRODUCT-000001,2026-07-05,4,1,8
OBS-82-1-1,1,HCP-000082,PRODUCT-000001,2026-07-12,22,7,44
OBS-82-1-2,1,HCP-000082,PRODUCT-000001,2026-07-19,35,11,70
OBS-82-1-3,1,HCP-000082,PRODUCT-000001,2026-07-26,33,11,66
OBS-82-1-4,1,HCP-000082,PRODUCT-000001,2026-08-02,23,7,46
OBS-82-1-5,1,HCP-000082,PRODUCT-000001,2026-08-09,2,0,4
OBS-82-1-6,1,HCP-000082,PRODUCT-000001,2026-08-16,16,5,32
OBS-82-1-7,1,HCP-000082,PRODUCT-000001,2026-08-23,21,7,42
OBS-82-1-8,1,HCP-000082,PRODUCT-000001,2026-08-30,34,11,68
OBS-82-1-9,1,HCP-000082,PRODUCT-000001,2026-09-06,33,11,66
OBS-82-2-0,1,HCP-000082,PRODUCT-000002,2026-07-05,11,3,22
OBS-82-2-1,1,HCP-000082,PRODUCT-000002,2026-07-12,28,9,56
OBS-82-2-2,1,HCP-000082,PRODUCT-000002,2026-07-19,31,10,62
OBS-82-2-3,1,HCP-000082,PRODUCT-000002,2026-07-26,35,11,70
OBS-82-2-4,1,HCP-000082,PRODUCT-000002,2026-08-02,27,9,54
OBS-82-2-5,1,HCP-000082,PRODUCT-000002,2026-08-09,36,12,72
OBS-82-2-6,1,HCP-000082,PRODUCT-000002,2026-08-16,13,4,26
OBS-82-2-7,1,HCP-000082,PRODUCT-000002,2026-08-23,21,7,42
OBS-82-2-8,1,HCP-000082,PRODUCT-000002,2026-08-30,5,1,10
OBS-82-2-9,1,HCP-000082,PRODUCT-000002,2026-09-06,16,5,32
OBS-82-3-0,1,HCP-000082,PRODUCT-000003,2026-07-05,17,5,34
OBS-82-3-1,1,HCP-000082,PRODUCT-000003,2026-07-12,20,6,40
OBS-82-3-2,1,HCP-000082,PRODUCT-000003,2026-07-19,27,9,54
OBS-82-3-3,1,HCP-000082,PRODUCT-000003,2026-07-26,11,3,22
OBS-82-3-4,1,HCP-000082,PRODUCT-000003,2026-08-02,39,13,78
OBS-82-3-5,1,HCP-000082,PRODUCT-000003,2026-08-09,11,3,22
OBS-82-3-6,1,HCP-000082,PRODUCT-000003,2026-08-16,6,2,12
OBS-82-3-7,1,HCP-000082,PRODUCT-000003,2026-08-23,19,6,38
OBS-82-3-8,1,HCP-000082,PRODUCT-000003,2026-08-30,20,6,40
OBS-82-3-9,1,HCP-000082,PRODUCT-000003,2026-09-06,3,1,6
OBS-82-4-0,1,HCP-000082,PRODUCT-000004,2026-07-05,5,1,10
OBS-82-4-1,1,HCP-000082,PRODUCT-000004,2026-07-12,22,7,44
OBS-82-4-2,1,HCP-000082,PRODUCT-000004,2026-07-19,38,12,76
OBS-82-4-3,1,HCP-000082,PRODUCT-000004,2026-07-26,20,6,40
OBS-82-4-4,1,HCP-000082,PRODUCT-000004,2026-08-02,1,0,2
OBS-82-4-5,1,HCP-000082,PRODUCT-000004,2026-08-09,32,10,64
OBS-82-4-6,1,HCP-000082,PRODUCT-000004,2026-08-16,32,10,64
OBS-82-4-7,1,HCP-000082,PRODUCT-000004,2026-08-23,26,8,52
OBS-82-4-8,1,HCP-000082,PRODUCT-000004,2026-08-30,2,0,4
OBS-82-4-9,1,HCP-000082,PRODUCT-000004,2026-09-06,11,3,22
OBS-83-1-0,1,HCP-000083,PRODUCT-000001,2026-07-05,32,10,64
OBS-83-1-1,1,HCP-000083,PRODUCT-000001,2026-07-12,36,12,72
OBS-83-1-2,1,HCP-000083,PRODUCT-000001,2026-07-19,30,10,60
OBS-83-1-3,1,HCP-000083,PRODUCT-000001,2026-07-26,32,10,64
OBS-83-1-4,1,HCP-000083,PRODUCT-000001,2026-08-02,28,9,56
OBS-83-1-5,1,HCP-000083,PRODUCT-000001,2026-08-09,2,0,4
OBS-83-1-6,1,HCP-000083,PRODUCT-000001,2026-08-16,6,2,12
OBS-83-1-7,1,HCP-000083,PRODUCT-000001,2026-08-23,36,12,72
OBS-83-1-8,1,HCP-000083,PRODUCT-000001,2026-08-30,36,12,72
OBS-83-1-9,1,HCP-000083,PRODUCT-000001,2026-09-06,38,12,76
OBS-83-2-0,1,HCP-000083,PRODUCT-000002,2026-07-05,12,4,24
OBS-83-2-1,1,HCP-000083,PRODUCT-000002,2026-07-12,9,3,18
OBS-83-2-2,1,HCP-000083,PRODUCT-000002,2026-07-19,26,8,52
OBS-83-2-3,1,HCP-000083,PRODUCT-000002,2026-07-26,8,2,16
OBS-83-2-4,1,HCP-000083,PRODUCT-000002,2026-08-02,13,4,26
OBS-83-2-5,1,HCP-000083,PRODUCT-000002,2026-08-09,19,6,38
OBS-83-2-6,1,HCP-000083,PRODUCT-000002,2026-08-16,12,4,24
OBS-83-2-7,1,HCP-000083,PRODUCT-000002,2026-08-23,7,2,14
OBS-83-2-8,1,HCP-000083,PRODUCT-000002,2026-08-30,20,6,40
OBS-83-2-9,1,HCP-000083,PRODUCT-000002,2026-09-06,29,9,58
OBS-83-3-0,1,HCP-000083,PRODUCT-000003,2026-07-05,31,10,62
OBS-83-3-1,1,HCP-000083,PRODUCT-000003,2026-07-12,29,9,58
OBS-83-3-2,1,HCP-000083,PRODUCT-000003,2026-07-19,9,3,18
OBS-83-3-3,1,HCP-000083,PRODUCT-000003,2026-07-26,10,3,20
OBS-83-3-4,1,HCP-000083,PRODUCT-000003,2026-08-02,7,2,14
OBS-83-3-5,1,HCP-000083,PRODUCT-000003,2026-08-09,3,1,6
OBS-83-3-6,1,HCP-000083,PRODUCT-000003,2026-08-16,39,13,78
OBS-83-3-7,1,HCP-000083,PRODUCT-000003,2026-08-23,2,0,4
OBS-83-3-8,1,HCP-000083,PRODUCT-000003,2026-08-30,15,5,30
OBS-83-3-9,1,HCP-000083,PRODUCT-000003,2026-09-06,13,4,26
OBS-83-4-0,1,HCP-000083,PRODUCT-000004,2026-07-05,29,9,58
OBS-83-4-1,1,HCP-000083,PRODUCT-000004,2026-07-12,33,11,66
OBS-83-4-2,1,HCP-000083,PRODUCT-000004,2026-07-19,27,9,54
OBS-83-4-3,1,HCP-000083,PRODUCT-000004,2026-07-26,34,11,68
OBS-83-4-4,1,HCP-000083,PRODUCT-000004,2026-08-02,30,10,60
OBS-83-4-5,1,HCP-000083,PRODUCT-000004,2026-08-09,29,9,58
OBS-83-4-6,1,HCP-000083,PRODUCT-000004,2026-08-16,31,10,62
OBS-83-4-7,1,HCP-000083,PRODUCT-000004,2026-08-23,28,9,56
OBS-83-4-8,1,HCP-000083,PRODUCT-000004,2026-08-30,9,3,18
OBS-83-4-9,1,HCP-000083,PRODUCT-000004,2026-09-06,26,8,52
OBS-84-1-0,1,HCP-000084,PRODUCT-000001,2026-07-05,31,10,62
OBS-84-1-1,1,HCP-000084,PRODUCT-000001,2026-07-12,28,9,56
OBS-84-1-2,1,HCP-000084,PRODUCT-000001,2026-07-19,25,8,50
OBS-84-1-3,1,HCP-000084,PRODUCT-000001,2026-07-26,31,10,62
OBS-84-1-4,1,HCP-000084,PRODUCT-000001,2026-08-02,12,4,24
OBS-84-1-5,1,HCP-000084,PRODUCT-000001,2026-08-09,12,4,24
OBS-84-1-6,1,HCP-000084,PRODUCT-000001,2026-08-16,2,0,4
OBS-84-1-7,1,HCP-000084,PRODUCT-000001,2026-08-23,8,2,16
OBS-84-1-8,1,HCP-000084,PRODUCT-000001,2026-08-30,1,0,2
OBS-84-1-9,1,HCP-000084,PRODUCT-000001,2026-09-06,4,1,8
OBS-84-2-0,1,HCP-000084,PRODUCT-000002,2026-07-05,30,10,60
OBS-84-2-1,1,HCP-000084,PRODUCT-000002,2026-07-12,1,0,2
OBS-84-2-2,1,HCP-000084,PRODUCT-000002,2026-07-19,26,8,52
OBS-84-2-3,1,HCP-000084,PRODUCT-000002,2026-07-26,2,0,4
OBS-84-2-4,1,HCP-000084,PRODUCT-000002,2026-08-02,24,8,48
OBS-84-2-5,1,HCP-000084,PRODUCT-000002,2026-08-09,15,5,30
OBS-84-2-6,1,HCP-000084,PRODUCT-000002,2026-08-16,32,10,64
OBS-84-2-7,1,HCP-000084,PRODUCT-000002,2026-08-23,11,3,22
OBS-84-2-8,1,HCP-000084,PRODUCT-000002,2026-08-30,35,11,70
OBS-84-2-9,1,HCP-000084,PRODUCT-000002,2026-09-06,34,11,68
OBS-84-3-0,1,HCP-000084,PRODUCT-000003,2026-07-05,4,1,8
OBS-84-3-1,1,HCP-000084,PRODUCT-000003,2026-07-12,21,7,42
OBS-84-3-2,1,HCP-000084,PRODUCT-000003,2026-07-19,7,2,14
OBS-84-3-3,1,HCP-000084,PRODUCT-000003,2026-07-26,39,13,78
OBS-84-3-4,1,HCP-000084,PRODUCT-000003,2026-08-02,7,2,14
OBS-84-3-5,1,HCP-000084,PRODUCT-000003,2026-08-09,5,1,10
OBS-84-3-6,1,HCP-000084,PRODUCT-000003,2026-08-16,33,11,66
OBS-84-3-7,1,HCP-000084,PRODUCT-000003,2026-08-23,39,13,78
OBS-84-3-8,1,HCP-000084,PRODUCT-000003,2026-08-30,4,1,8
OBS-84-3-9,1,HCP-000084,PRODUCT-000003,2026-09-06,23,7,46
OBS-84-4-0,1,HCP-000084,PRODUCT-000004,2026-07-05,26,8,52
OBS-84-4-1,1,HCP-000084,PRODUCT-000004,2026-07-12,35,11,70
OBS-84-4-2,1,HCP-000084,PRODUCT-000004,2026-07-19,35,11,70
OBS-84-4-3,1,HCP-000084,PRODUCT-000004,2026-07-26,8,2,16
OBS-84-4-4,1,HCP-000084,PRODUCT-000004,2026-08-02,39,13,78
OBS-84-4-5,1,HCP-000084,PRODUCT-000004,2026-08-09,21,7,42
OBS-84-4-6,1,HCP-000084,PRODUCT-000004,2026-08-16,35,11,70
OBS-84-4-7,1,HCP-000084,PRODUCT-000004,2026-08-23,19,6,38
OBS-84-4-8,1,HCP-000084,PRODUCT-000004,2026-08-30,2,0,4
OBS-84-4-9,1,HCP-000084,PRODUCT-000004,2026-09-06,2,0,4
OBS-85-1-0,1,HCP-000085,PRODUCT-000001,2026-07-05,27,9,54
OBS-85-1-1,1,HCP-000085,PRODUCT-000001,2026-07-12,32,10,64
OBS-85-1-2,1,HCP-000085,PRODUCT-000001,2026-07-19,37,12,74
OBS-85-1-3,1,HCP-000085,PRODUCT-000001,2026-07-26,24,8,48
OBS-85-1-4,1,HCP-000085,PRODUCT-000001,2026-08-02,24,8,48
OBS-85-1-5,1,HCP-000085,PRODUCT-000001,2026-08-09,18,6,36
OBS-85-1-6,1,HCP-000085,PRODUCT-000001,2026-08-16,37,12,74
OBS-85-1-7,1,HCP-000085,PRODUCT-000001,2026-08-23,14,4,28
OBS-85-1-8,1,HCP-000085,PRODUCT-000001,2026-08-30,7,2,14
OBS-85-1-9,1,HCP-000085,PRODUCT-000001,2026-09-06,31,10,62
OBS-85-2-0,1,HCP-000085,PRODUCT-000002,2026-07-05,27,9,54
OBS-85-2-1,1,HCP-000085,PRODUCT-000002,2026-07-12,9,3,18
OBS-85-2-2,1,HCP-000085,PRODUCT-000002,2026-07-19,8,2,16
OBS-85-2-3,1,HCP-000085,PRODUCT-000002,2026-07-26,33,11,66
OBS-85-2-4,1,HCP-000085,PRODUCT-000002,2026-08-02,12,4,24
OBS-85-2-5,1,HCP-000085,PRODUCT-000002,2026-08-09,10,3,20
OBS-85-2-6,1,HCP-000085,PRODUCT-000002,2026-08-16,28,9,56
OBS-85-2-7,1,HCP-000085,PRODUCT-000002,2026-08-23,24,8,48
OBS-85-2-8,1,HCP-000085,PRODUCT-000002,2026-08-30,28,9,56
OBS-85-2-9,1,HCP-000085,PRODUCT-000002,2026-09-06,3,1,6
OBS-85-3-0,1,HCP-000085,PRODUCT-000003,2026-07-05,20,6,40
OBS-85-3-1,1,HCP-000085,PRODUCT-000003,2026-07-12,35,11,70
OBS-85-3-2,1,HCP-000085,PRODUCT-000003,2026-07-19,12,4,24
OBS-85-3-3,1,HCP-000085,PRODUCT-000003,2026-07-26,19,6,38
OBS-85-3-4,1,HCP-000085,PRODUCT-000003,2026-08-02,19,6,38
OBS-85-3-5,1,HCP-000085,PRODUCT-000003,2026-08-09,22,7,44
OBS-85-3-6,1,HCP-000085,PRODUCT-000003,2026-08-16,3,1,6
OBS-85-3-7,1,HCP-000085,PRODUCT-000003,2026-08-23,16,5,32
OBS-85-3-8,1,HCP-000085,PRODUCT-000003,2026-08-30,39,13,78
OBS-85-3-9,1,HCP-000085,PRODUCT-000003,2026-09-06,24,8,48
OBS-85-4-0,1,HCP-000085,PRODUCT-000004,2026-07-05,9,3,18
OBS-85-4-1,1,HCP-000085,PRODUCT-000004,2026-07-12,34,11,68
OBS-85-4-2,1,HCP-000085,PRODUCT-000004,2026-07-19,34,11,68
OBS-85-4-3,1,HCP-000085,PRODUCT-000004,2026-07-26,25,8,50
OBS-85-4-4,1,HCP-000085,PRODUCT-000004,2026-08-02,9,3,18
OBS-85-4-5,1,HCP-000085,PRODUCT-000004,2026-08-09,1,0,2
OBS-85-4-6,1,HCP-000085,PRODUCT-000004,2026-08-16,32,10,64
OBS-85-4-7,1,HCP-000085,PRODUCT-000004,2026-08-23,5,1,10
OBS-85-4-8,1,HCP-000085,PRODUCT-000004,2026-08-30,11,3,22
OBS-85-4-9,1,HCP-000085,PRODUCT-000004,2026-09-06,38,12,76
OBS-86-1-0,1,HCP-000086,PRODUCT-000001,2026-07-05,38,12,76
OBS-86-1-1,1,HCP-000086,PRODUCT-000001,2026-07-12,10,3,20
OBS-86-1-2,1,HCP-000086,PRODUCT-000001,2026-07-19,5,1,10
OBS-86-1-3,1,HCP-000086,PRODUCT-000001,2026-07-26,13,4,26
OBS-86-1-4,1,HCP-000086,PRODUCT-000001,2026-08-02,13,4,26
OBS-86-1-5,1,HCP-000086,PRODUCT-000001,2026-08-09,21,7,42
OBS-86-1-6,1,HCP-000086,PRODUCT-000001,2026-08-16,16,5,32
OBS-86-1-7,1,HCP-000086,PRODUCT-000001,2026-08-23,9,3,18
OBS-86-1-8,1,HCP-000086,PRODUCT-000001,2026-08-30,9,3,18
OBS-86-1-9,1,HCP-000086,PRODUCT-000001,2026-09-06,7,2,14
OBS-86-2-0,1,HCP-000086,PRODUCT-000002,2026-07-05,39,13,78
OBS-86-2-1,1,HCP-000086,PRODUCT-000002,2026-07-12,11,3,22
OBS-86-2-2,1,HCP-000086,PRODUCT-000002,2026-07-19,2,0,4
OBS-86-2-3,1,HCP-000086,PRODUCT-000002,2026-07-26,38,12,76
OBS-86-2-4,1,HCP-000086,PRODUCT-000002,2026-08-02,3,1,6
OBS-86-2-5,1,HCP-000086,PRODUCT-000002,2026-08-09,33,11,66
OBS-86-2-6,1,HCP-000086,PRODUCT-000002,2026-08-16,19,6,38
OBS-86-2-7,1,HCP-000086,PRODUCT-000002,2026-08-23,4,1,8
OBS-86-2-8,1,HCP-000086,PRODUCT-000002,2026-08-30,24,8,48
OBS-86-2-9,1,HCP-000086,PRODUCT-000002,2026-09-06,13,4,26
OBS-86-3-0,1,HCP-000086,PRODUCT-000003,2026-07-05,22,7,44
OBS-86-3-1,1,HCP-000086,PRODUCT-000003,2026-07-12,3,1,6
OBS-86-3-2,1,HCP-000086,PRODUCT-000003,2026-07-19,24,8,48
OBS-86-3-3,1,HCP-000086,PRODUCT-000003,2026-07-26,11,3,22
OBS-86-3-4,1,HCP-000086,PRODUCT-000003,2026-08-02,37,12,74
OBS-86-3-5,1,HCP-000086,PRODUCT-000003,2026-08-09,10,3,20
OBS-86-3-6,1,HCP-000086,PRODUCT-000003,2026-08-16,39,13,78
OBS-86-3-7,1,HCP-000086,PRODUCT-000003,2026-08-23,19,6,38
OBS-86-3-8,1,HCP-000086,PRODUCT-000003,2026-08-30,18,6,36
OBS-86-3-9,1,HCP-000086,PRODUCT-000003,2026-09-06,7,2,14
OBS-86-4-0,1,HCP-000086,PRODUCT-000004,2026-07-05,32,10,64
OBS-86-4-1,1,HCP-000086,PRODUCT-000004,2026-07-12,38,12,76
OBS-86-4-2,1,HCP-000086,PRODUCT-000004,2026-07-19,6,2,12
OBS-86-4-3,1,HCP-000086,PRODUCT-000004,2026-07-26,34,11,68
OBS-86-4-4,1,HCP-000086,PRODUCT-000004,2026-08-02,28,9,56
OBS-86-4-5,1,HCP-000086,PRODUCT-000004,2026-08-09,6,2,12
OBS-86-4-6,1,HCP-000086,PRODUCT-000004,2026-08-16,38,12,76
OBS-86-4-7,1,HCP-000086,PRODUCT-000004,2026-08-23,13,4,26
OBS-86-4-8,1,HCP-000086,PRODUCT-000004,2026-08-30,38,12,76
OBS-86-4-9,1,HCP-000086,PRODUCT-000004,2026-09-06,3,1,6
OBS-87-1-0,1,HCP-000087,PRODUCT-000001,2026-07-05,2,0,4
OBS-87-1-1,1,HCP-000087,PRODUCT-000001,2026-07-12,16,5,32
OBS-87-1-2,1,HCP-000087,PRODUCT-000001,2026-07-19,18,6,36
OBS-87-1-3,1,HCP-000087,PRODUCT-000001,2026-07-26,17,5,34
OBS-87-1-4,1,HCP-000087,PRODUCT-000001,2026-08-02,3,1,6
OBS-87-1-5,1,HCP-000087,PRODUCT-000001,2026-08-09,34,11,68
OBS-87-1-6,1,HCP-000087,PRODUCT-000001,2026-08-16,12,4,24
OBS-87-1-7,1,HCP-000087,PRODUCT-000001,2026-08-23,18,6,36
OBS-87-1-8,1,HCP-000087,PRODUCT-000001,2026-08-30,22,7,44
OBS-87-1-9,1,HCP-000087,PRODUCT-000001,2026-09-06,35,11,70
OBS-87-2-0,1,HCP-000087,PRODUCT-000002,2026-07-05,37,12,74
OBS-87-2-1,1,HCP-000087,PRODUCT-000002,2026-07-12,5,1,10
OBS-87-2-2,1,HCP-000087,PRODUCT-000002,2026-07-19,36,12,72
OBS-87-2-3,1,HCP-000087,PRODUCT-000002,2026-07-26,8,2,16
OBS-87-2-4,1,HCP-000087,PRODUCT-000002,2026-08-02,17,5,34
OBS-87-2-5,1,HCP-000087,PRODUCT-000002,2026-08-09,26,8,52
OBS-87-2-6,1,HCP-000087,PRODUCT-000002,2026-08-16,18,6,36
OBS-87-2-7,1,HCP-000087,PRODUCT-000002,2026-08-23,20,6,40
OBS-87-2-8,1,HCP-000087,PRODUCT-000002,2026-08-30,18,6,36
OBS-87-2-9,1,HCP-000087,PRODUCT-000002,2026-09-06,27,9,54
OBS-87-3-0,1,HCP-000087,PRODUCT-000003,2026-07-05,7,2,14
OBS-87-3-1,1,HCP-000087,PRODUCT-000003,2026-07-12,25,8,50
OBS-87-3-2,1,HCP-000087,PRODUCT-000003,2026-07-19,37,12,74
OBS-87-3-3,1,HCP-000087,PRODUCT-000003,2026-07-26,30,10,60
OBS-87-3-4,1,HCP-000087,PRODUCT-000003,2026-08-02,36,12,72
OBS-87-3-5,1,HCP-000087,PRODUCT-000003,2026-08-09,15,5,30
OBS-87-3-6,1,HCP-000087,PRODUCT-000003,2026-08-16,11,3,22
OBS-87-3-7,1,HCP-000087,PRODUCT-000003,2026-08-23,25,8,50
OBS-87-3-8,1,HCP-000087,PRODUCT-000003,2026-08-30,17,5,34
OBS-87-3-9,1,HCP-000087,PRODUCT-000003,2026-09-06,10,3,20
OBS-87-4-0,1,HCP-000087,PRODUCT-000004,2026-07-05,37,12,74
OBS-87-4-1,1,HCP-000087,PRODUCT-000004,2026-07-12,13,4,26
OBS-87-4-2,1,HCP-000087,PRODUCT-000004,2026-07-19,14,4,28
OBS-87-4-3,1,HCP-000087,PRODUCT-000004,2026-07-26,22,7,44
OBS-87-4-4,1,HCP-000087,PRODUCT-000004,2026-08-02,18,6,36
OBS-87-4-5,1,HCP-000087,PRODUCT-000004,2026-08-09,30,10,60
OBS-87-4-6,1,HCP-000087,PRODUCT-000004,2026-08-16,6,2,12
OBS-87-4-7,1,HCP-000087,PRODUCT-000004,2026-08-23,39,13,78
OBS-87-4-8,1,HCP-000087,PRODUCT-000004,2026-08-30,1,0,2
OBS-87-4-9,1,HCP-000087,PRODUCT-000004,2026-09-06,37,12,74
OBS-88-1-0,1,HCP-000088,PRODUCT-000001,2026-07-05,34,11,68
OBS-88-1-1,1,HCP-000088,PRODUCT-000001,2026-07-12,36,12,72
OBS-88-1-2,1,HCP-000088,PRODUCT-000001,2026-07-19,24,8,48
OBS-88-1-3,1,HCP-000088,PRODUCT-000001,2026-07-26,16,5,32
OBS-88-1-4,1,HCP-000088,PRODUCT-000001,2026-08-02,12,4,24
OBS-88-1-5,1,HCP-000088,PRODUCT-000001,2026-08-09,6,2,12
OBS-88-1-6,1,HCP-000088,PRODUCT-000001,2026-08-16,2,0,4
OBS-88-1-7,1,HCP-000088,PRODUCT-000001,2026-08-23,14,4,28
OBS-88-1-8,1,HCP-000088,PRODUCT-000001,2026-08-30,26,8,52
OBS-88-1-9,1,HCP-000088,PRODUCT-000001,2026-09-06,4,1,8
OBS-88-2-0,1,HCP-000088,PRODUCT-000002,2026-07-05,24,8,48
OBS-88-2-1,1,HCP-000088,PRODUCT-000002,2026-07-12,8,2,16
OBS-88-2-2,1,HCP-000088,PRODUCT-000002,2026-07-19,37,12,74
OBS-88-2-3,1,HCP-000088,PRODUCT-000002,2026-07-26,11,3,22
OBS-88-2-4,1,HCP-000088,PRODUCT-000002,2026-08-02,31,10,62
OBS-88-2-5,1,HCP-000088,PRODUCT-000002,2026-08-09,27,9,54
OBS-88-2-6,1,HCP-000088,PRODUCT-000002,2026-08-16,3,1,6
OBS-88-2-7,1,HCP-000088,PRODUCT-000002,2026-08-23,1,0,2
OBS-88-2-8,1,HCP-000088,PRODUCT-000002,2026-08-30,12,4,24
OBS-88-2-9,1,HCP-000088,PRODUCT-000002,2026-09-06,29,9,58
OBS-88-3-0,1,HCP-000088,PRODUCT-000003,2026-07-05,30,10,60
OBS-88-3-1,1,HCP-000088,PRODUCT-000003,2026-07-12,37,12,74
OBS-88-3-2,1,HCP-000088,PRODUCT-000003,2026-07-19,20,6,40
OBS-88-3-3,1,HCP-000088,PRODUCT-000003,2026-07-26,16,5,32
OBS-88-3-4,1,HCP-000088,PRODUCT-000003,2026-08-02,33,11,66
OBS-88-3-5,1,HCP-000088,PRODUCT-000003,2026-08-09,4,1,8
OBS-88-3-6,1,HCP-000088,PRODUCT-000003,2026-08-16,28,9,56
OBS-88-3-7,1,HCP-000088,PRODUCT-000003,2026-08-23,16,5,32
OBS-88-3-8,1,HCP-000088,PRODUCT-000003,2026-08-30,13,4,26
OBS-88-3-9,1,HCP-000088,PRODUCT-000003,2026-09-06,21,7,42
OBS-88-4-0,1,HCP-000088,PRODUCT-000004,2026-07-05,13,4,26
OBS-88-4-1,1,HCP-000088,PRODUCT-000004,2026-07-12,36,12,72
OBS-88-4-2,1,HCP-000088,PRODUCT-000004,2026-07-19,14,4,28
OBS-88-4-3,1,HCP-000088,PRODUCT-000004,2026-07-26,28,9,56
OBS-88-4-4,1,HCP-000088,PRODUCT-000004,2026-08-02,27,9,54
OBS-88-4-5,1,HCP-000088,PRODUCT-000004,2026-08-09,34,11,68
OBS-88-4-6,1,HCP-000088,PRODUCT-000004,2026-08-16,34,11,68
OBS-88-4-7,1,HCP-000088,PRODUCT-000004,2026-08-23,12,4,24
OBS-88-4-8,1,HCP-000088,PRODUCT-000004,2026-08-30,11,3,22
OBS-88-4-9,1,HCP-000088,PRODUCT-000004,2026-09-06,1,0,2
OBS-89-1-0,1,HCP-000089,PRODUCT-000001,2026-07-05,35,11,70
OBS-89-1-1,1,HCP-000089,PRODUCT-000001,2026-07-12,27,9,54
OBS-89-1-2,1,HCP-000089,PRODUCT-000001,2026-07-19,6,2,12
OBS-89-1-3,1,HCP-000089,PRODUCT-000001,2026-07-26,19,6,38
OBS-89-1-4,1,HCP-000089,PRODUCT-000001,2026-08-02,19,6,38
OBS-89-1-5,1,HCP-000089,PRODUCT-000001,2026-08-09,27,9,54
OBS-89-1-6,1,HCP-000089,PRODUCT-000001,2026-08-16,10,3,20
OBS-89-1-7,1,HCP-000089,PRODUCT-000001,2026-08-23,39,13,78
OBS-89-1-8,1,HCP-000089,PRODUCT-000001,2026-08-30,28,9,56
OBS-89-1-9,1,HCP-000089,PRODUCT-000001,2026-09-06,34,11,68
OBS-89-2-0,1,HCP-000089,PRODUCT-000002,2026-07-05,3,1,6
OBS-89-2-1,1,HCP-000089,PRODUCT-000002,2026-07-12,21,7,42
OBS-89-2-2,1,HCP-000089,PRODUCT-000002,2026-07-19,6,2,12
OBS-89-2-3,1,HCP-000089,PRODUCT-000002,2026-07-26,8,2,16
OBS-89-2-4,1,HCP-000089,PRODUCT-000002,2026-08-02,1,0,2
OBS-89-2-5,1,HCP-000089,PRODUCT-000002,2026-08-09,20,6,40
OBS-89-2-6,1,HCP-000089,PRODUCT-000002,2026-08-16,34,11,68
OBS-89-2-7,1,HCP-000089,PRODUCT-000002,2026-08-23,23,7,46
OBS-89-2-8,1,HCP-000089,PRODUCT-000002,2026-08-30,32,10,64
OBS-89-2-9,1,HCP-000089,PRODUCT-000002,2026-09-06,28,9,56
OBS-89-3-0,1,HCP-000089,PRODUCT-000003,2026-07-05,22,7,44
OBS-89-3-1,1,HCP-000089,PRODUCT-000003,2026-07-12,6,2,12
OBS-89-3-2,1,HCP-000089,PRODUCT-000003,2026-07-19,13,4,26
OBS-89-3-3,1,HCP-000089,PRODUCT-000003,2026-07-26,5,1,10
OBS-89-3-4,1,HCP-000089,PRODUCT-000003,2026-08-02,25,8,50
OBS-89-3-5,1,HCP-000089,PRODUCT-000003,2026-08-09,24,8,48
OBS-89-3-6,1,HCP-000089,PRODUCT-000003,2026-08-16,38,12,76
OBS-89-3-7,1,HCP-000089,PRODUCT-000003,2026-08-23,7,2,14
OBS-89-3-8,1,HCP-000089,PRODUCT-000003,2026-08-30,24,8,48
OBS-89-3-9,1,HCP-000089,PRODUCT-000003,2026-09-06,15,5,30
OBS-89-4-0,1,HCP-000089,PRODUCT-000004,2026-07-05,29,9,58
OBS-89-4-1,1,HCP-000089,PRODUCT-000004,2026-07-12,20,6,40
OBS-89-4-2,1,HCP-000089,PRODUCT-000004,2026-07-19,24,8,48
OBS-89-4-3,1,HCP-000089,PRODUCT-000004,2026-07-26,21,7,42
OBS-89-4-4,1,HCP-000089,PRODUCT-000004,2026-08-02,26,8,52
OBS-89-4-5,1,HCP-000089,PRODUCT-000004,2026-08-09,39,13,78
OBS-89-4-6,1,HCP-000089,PRODUCT-000004,2026-08-16,16,5,32
OBS-89-4-7,1,HCP-000089,PRODUCT-000004,2026-08-23,21,7,42
OBS-89-4-8,1,HCP-000089,PRODUCT-000004,2026-08-30,27,9,54
OBS-89-4-9,1,HCP-000089,PRODUCT-000004,2026-09-06,19,6,38
OBS-90-1-0,1,HCP-000090,PRODUCT-000001,2026-07-05,7,2,14
OBS-90-1-1,1,HCP-000090,PRODUCT-000001,2026-07-12,17,5,34
OBS-90-1-2,1,HCP-000090,PRODUCT-000001,2026-07-19,38,12,76
OBS-90-1-3,1,HCP-000090,PRODUCT-000001,2026-07-26,3,1,6
OBS-90-1-4,1,HCP-000090,PRODUCT-000001,2026-08-02,13,4,26
OBS-90-1-5,1,HCP-000090,PRODUCT-000001,2026-08-09,36,12,72
OBS-90-1-6,1,HCP-000090,PRODUCT-000001,2026-08-16,7,2,14
OBS-90-1-7,1,HCP-000090,PRODUCT-000001,2026-08-23,29,9,58
OBS-90-1-8,1,HCP-000090,PRODUCT-000001,2026-08-30,13,4,26
OBS-90-1-9,1,HCP-000090,PRODUCT-000001,2026-09-06,29,9,58
OBS-90-2-0,1,HCP-000090,PRODUCT-000002,2026-07-05,1,0,2
OBS-90-2-1,1,HCP-000090,PRODUCT-000002,2026-07-12,39,13,78
OBS-90-2-2,1,HCP-000090,PRODUCT-000002,2026-07-19,33,11,66
OBS-90-2-3,1,HCP-000090,PRODUCT-000002,2026-07-26,37,12,74
OBS-90-2-4,1,HCP-000090,PRODUCT-000002,2026-08-02,14,4,28
OBS-90-2-5,1,HCP-000090,PRODUCT-000002,2026-08-09,10,3,20
OBS-90-2-6,1,HCP-000090,PRODUCT-000002,2026-08-16,15,5,30
OBS-90-2-7,1,HCP-000090,PRODUCT-000002,2026-08-23,29,9,58
OBS-90-2-8,1,HCP-000090,PRODUCT-000002,2026-08-30,20,6,40
OBS-90-2-9,1,HCP-000090,PRODUCT-000002,2026-09-06,28,9,56
OBS-90-3-0,1,HCP-000090,PRODUCT-000003,2026-07-05,23,7,46
OBS-90-3-1,1,HCP-000090,PRODUCT-000003,2026-07-12,8,2,16
OBS-90-3-2,1,HCP-000090,PRODUCT-000003,2026-07-19,13,4,26
OBS-90-3-3,1,HCP-000090,PRODUCT-000003,2026-07-26,7,2,14
OBS-90-3-4,1,HCP-000090,PRODUCT-000003,2026-08-02,3,1,6
OBS-90-3-5,1,HCP-000090,PRODUCT-000003,2026-08-09,9,3,18
OBS-90-3-6,1,HCP-000090,PRODUCT-000003,2026-08-16,22,7,44
OBS-90-3-7,1,HCP-000090,PRODUCT-000003,2026-08-23,28,9,56
OBS-90-3-8,1,HCP-000090,PRODUCT-000003,2026-08-30,28,9,56
OBS-90-3-9,1,HCP-000090,PRODUCT-000003,2026-09-06,1,0,2
OBS-90-4-0,1,HCP-000090,PRODUCT-000004,2026-07-05,15,5,30
OBS-90-4-1,1,HCP-000090,PRODUCT-000004,2026-07-12,29,9,58
OBS-90-4-2,1,HCP-000090,PRODUCT-000004,2026-07-19,25,8,50
OBS-90-4-3,1,HCP-000090,PRODUCT-000004,2026-07-26,24,8,48
OBS-90-4-4,1,HCP-000090,PRODUCT-000004,2026-08-02,9,3,18
OBS-90-4-5,1,HCP-000090,PRODUCT-000004,2026-08-09,1,0,2
OBS-90-4-6,1,HCP-000090,PRODUCT-000004,2026-08-16,29,9,58
OBS-90-4-7,1,HCP-000090,PRODUCT-000004,2026-08-23,1,0,2
OBS-90-4-8,1,HCP-000090,PRODUCT-000004,2026-08-30,11,3,22
OBS-90-4-9,1,HCP-000090,PRODUCT-000004,2026-09-06,26,8,52
OBS-91-1-0,1,HCP-000091,PRODUCT-000001,2026-07-05,1,0,2
OBS-91-1-1,1,HCP-000091,PRODUCT-000001,2026-07-12,38,12,76
OBS-91-1-2,1,HCP-000091,PRODUCT-000001,2026-07-19,3,1,6
OBS-91-1-3,1,HCP-000091,PRODUCT-000001,2026-07-26,39,13,78
OBS-91-1-4,1,HCP-000091,PRODUCT-000001,2026-08-02,27,9,54
OBS-91-1-5,1,HCP-000091,PRODUCT-000001,2026-08-09,27,9,54
OBS-91-1-6,1,HCP-000091,PRODUCT-000001,2026-08-16,24,8,48
OBS-91-1-7,1,HCP-000091,PRODUCT-000001,2026-08-23,12,4,24
OBS-91-1-8,1,HCP-000091,PRODUCT-000001,2026-08-30,13,4,26
OBS-91-1-9,1,HCP-000091,PRODUCT-000001,2026-09-06,30,10,60
OBS-91-2-0,1,HCP-000091,PRODUCT-000002,2026-07-05,18,6,36
OBS-91-2-1,1,HCP-000091,PRODUCT-000002,2026-07-12,24,8,48
OBS-91-2-2,1,HCP-000091,PRODUCT-000002,2026-07-19,35,11,70
OBS-91-2-3,1,HCP-000091,PRODUCT-000002,2026-07-26,9,3,18
OBS-91-2-4,1,HCP-000091,PRODUCT-000002,2026-08-02,7,2,14
OBS-91-2-5,1,HCP-000091,PRODUCT-000002,2026-08-09,11,3,22
OBS-91-2-6,1,HCP-000091,PRODUCT-000002,2026-08-16,36,12,72
OBS-91-2-7,1,HCP-000091,PRODUCT-000002,2026-08-23,12,4,24
OBS-91-2-8,1,HCP-000091,PRODUCT-000002,2026-08-30,36,12,72
OBS-91-2-9,1,HCP-000091,PRODUCT-000002,2026-09-06,36,12,72
OBS-91-3-0,1,HCP-000091,PRODUCT-000003,2026-07-05,30,10,60
OBS-91-3-1,1,HCP-000091,PRODUCT-000003,2026-07-12,38,12,76
OBS-91-3-2,1,HCP-000091,PRODUCT-000003,2026-07-19,2,0,4
OBS-91-3-3,1,HCP-000091,PRODUCT-000003,2026-07-26,21,7,42
OBS-91-3-4,1,HCP-000091,PRODUCT-000003,2026-08-02,33,11,66
OBS-91-3-5,1,HCP-000091,PRODUCT-000003,2026-08-09,25,8,50
OBS-91-3-6,1,HCP-000091,PRODUCT-000003,2026-08-16,5,1,10
OBS-91-3-7,1,HCP-000091,PRODUCT-000003,2026-08-23,39,13,78
OBS-91-3-8,1,HCP-000091,PRODUCT-000003,2026-08-30,25,8,50
OBS-91-3-9,1,HCP-000091,PRODUCT-000003,2026-09-06,17,5,34
OBS-91-4-0,1,HCP-000091,PRODUCT-000004,2026-07-05,28,9,56
OBS-91-4-1,1,HCP-000091,PRODUCT-000004,2026-07-12,25,8,50
OBS-91-4-2,1,HCP-000091,PRODUCT-000004,2026-07-19,15,5,30
OBS-91-4-3,1,HCP-000091,PRODUCT-000004,2026-07-26,33,11,66
OBS-91-4-4,1,HCP-000091,PRODUCT-000004,2026-08-02,14,4,28
OBS-91-4-5,1,HCP-000091,PRODUCT-000004,2026-08-09,6,2,12
OBS-91-4-6,1,HCP-000091,PRODUCT-000004,2026-08-16,36,12,72
OBS-91-4-7,1,HCP-000091,PRODUCT-000004,2026-08-23,7,2,14
OBS-91-4-8,1,HCP-000091,PRODUCT-000004,2026-08-30,9,3,18
OBS-91-4-9,1,HCP-000091,PRODUCT-000004,2026-09-06,18,6,36
OBS-92-1-0,1,HCP-000092,PRODUCT-000001,2026-07-05,6,2,12
OBS-92-1-1,1,HCP-000092,PRODUCT-000001,2026-07-12,37,12,74
OBS-92-1-2,1,HCP-000092,PRODUCT-000001,2026-07-19,11,3,22
OBS-92-1-3,1,HCP-000092,PRODUCT-000001,2026-07-26,25,8,50
OBS-92-1-4,1,HCP-000092,PRODUCT-000001,2026-08-02,38,12,76
OBS-92-1-5,1,HCP-000092,PRODUCT-000001,2026-08-09,30,10,60
OBS-92-1-6,1,HCP-000092,PRODUCT-000001,2026-08-16,34,11,68
OBS-92-1-7,1,HCP-000092,PRODUCT-000001,2026-08-23,34,11,68
OBS-92-1-8,1,HCP-000092,PRODUCT-000001,2026-08-30,2,0,4
OBS-92-1-9,1,HCP-000092,PRODUCT-000001,2026-09-06,11,3,22
OBS-92-2-0,1,HCP-000092,PRODUCT-000002,2026-07-05,2,0,4
OBS-92-2-1,1,HCP-000092,PRODUCT-000002,2026-07-12,35,11,70
OBS-92-2-2,1,HCP-000092,PRODUCT-000002,2026-07-19,11,3,22
OBS-92-2-3,1,HCP-000092,PRODUCT-000002,2026-07-26,36,12,72
OBS-92-2-4,1,HCP-000092,PRODUCT-000002,2026-08-02,12,4,24
OBS-92-2-5,1,HCP-000092,PRODUCT-000002,2026-08-09,2,0,4
OBS-92-2-6,1,HCP-000092,PRODUCT-000002,2026-08-16,12,4,24
OBS-92-2-7,1,HCP-000092,PRODUCT-000002,2026-08-23,9,3,18
OBS-92-2-8,1,HCP-000092,PRODUCT-000002,2026-08-30,35,11,70
OBS-92-2-9,1,HCP-000092,PRODUCT-000002,2026-09-06,24,8,48
OBS-92-3-0,1,HCP-000092,PRODUCT-000003,2026-07-05,38,12,76
OBS-92-3-1,1,HCP-000092,PRODUCT-000003,2026-07-12,37,12,74
OBS-92-3-2,1,HCP-000092,PRODUCT-000003,2026-07-19,15,5,30
OBS-92-3-3,1,HCP-000092,PRODUCT-000003,2026-07-26,11,3,22
OBS-92-3-4,1,HCP-000092,PRODUCT-000003,2026-08-02,12,4,24
OBS-92-3-5,1,HCP-000092,PRODUCT-000003,2026-08-09,36,12,72
OBS-92-3-6,1,HCP-000092,PRODUCT-000003,2026-08-16,17,5,34
OBS-92-3-7,1,HCP-000092,PRODUCT-000003,2026-08-23,36,12,72
OBS-92-3-8,1,HCP-000092,PRODUCT-000003,2026-08-30,1,0,2
OBS-92-3-9,1,HCP-000092,PRODUCT-000003,2026-09-06,38,12,76
OBS-92-4-0,1,HCP-000092,PRODUCT-000004,2026-07-05,24,8,48
OBS-92-4-1,1,HCP-000092,PRODUCT-000004,2026-07-12,16,5,32
OBS-92-4-2,1,HCP-000092,PRODUCT-000004,2026-07-19,11,3,22
OBS-92-4-3,1,HCP-000092,PRODUCT-000004,2026-07-26,18,6,36
OBS-92-4-4,1,HCP-000092,PRODUCT-000004,2026-08-02,35,11,70
OBS-92-4-5,1,HCP-000092,PRODUCT-000004,2026-08-09,4,1,8
OBS-92-4-6,1,HCP-000092,PRODUCT-000004,2026-08-16,18,6,36
OBS-92-4-7,1,HCP-000092,PRODUCT-000004,2026-08-23,16,5,32
OBS-92-4-8,1,HCP-000092,PRODUCT-000004,2026-08-30,18,6,36
OBS-92-4-9,1,HCP-000092,PRODUCT-000004,2026-09-06,37,12,74
OBS-93-1-0,1,HCP-000093,PRODUCT-000001,2026-07-05,12,4,24
OBS-93-1-1,1,HCP-000093,PRODUCT-000001,2026-07-12,31,10,62
OBS-93-1-2,1,HCP-000093,PRODUCT-000001,2026-07-19,13,4,26
OBS-93-1-3,1,HCP-000093,PRODUCT-000001,2026-07-26,16,5,32
OBS-93-1-4,1,HCP-000093,PRODUCT-000001,2026-08-02,17,5,34
OBS-93-1-5,1,HCP-000093,PRODUCT-000001,2026-08-09,17,5,34
OBS-93-1-6,1,HCP-000093,PRODUCT-000001,2026-08-16,4,1,8
OBS-93-1-7,1,HCP-000093,PRODUCT-000001,2026-08-23,3,1,6
OBS-93-1-8,1,HCP-000093,PRODUCT-000001,2026-08-30,13,4,26
OBS-93-1-9,1,HCP-000093,PRODUCT-000001,2026-09-06,6,2,12
OBS-93-2-0,1,HCP-000093,PRODUCT-000002,2026-07-05,27,9,54
OBS-93-2-1,1,HCP-000093,PRODUCT-000002,2026-07-12,34,11,68
OBS-93-2-2,1,HCP-000093,PRODUCT-000002,2026-07-19,16,5,32
OBS-93-2-3,1,HCP-000093,PRODUCT-000002,2026-07-26,12,4,24
OBS-93-2-4,1,HCP-000093,PRODUCT-000002,2026-08-02,39,13,78
OBS-93-2-5,1,HCP-000093,PRODUCT-000002,2026-08-09,24,8,48
OBS-93-2-6,1,HCP-000093,PRODUCT-000002,2026-08-16,36,12,72
OBS-93-2-7,1,HCP-000093,PRODUCT-000002,2026-08-23,35,11,70
OBS-93-2-8,1,HCP-000093,PRODUCT-000002,2026-08-30,29,9,58
OBS-93-2-9,1,HCP-000093,PRODUCT-000002,2026-09-06,17,5,34
OBS-93-3-0,1,HCP-000093,PRODUCT-000003,2026-07-05,19,6,38
OBS-93-3-1,1,HCP-000093,PRODUCT-000003,2026-07-12,4,1,8
OBS-93-3-2,1,HCP-000093,PRODUCT-000003,2026-07-19,31,10,62
OBS-93-3-3,1,HCP-000093,PRODUCT-000003,2026-07-26,8,2,16
OBS-93-3-4,1,HCP-000093,PRODUCT-000003,2026-08-02,3,1,6
OBS-93-3-5,1,HCP-000093,PRODUCT-000003,2026-08-09,35,11,70
OBS-93-3-6,1,HCP-000093,PRODUCT-000003,2026-08-16,29,9,58
OBS-93-3-7,1,HCP-000093,PRODUCT-000003,2026-08-23,9,3,18
OBS-93-3-8,1,HCP-000093,PRODUCT-000003,2026-08-30,19,6,38
OBS-93-3-9,1,HCP-000093,PRODUCT-000003,2026-09-06,33,11,66
OBS-93-4-0,1,HCP-000093,PRODUCT-000004,2026-07-05,2,0,4
OBS-93-4-1,1,HCP-000093,PRODUCT-000004,2026-07-12,33,11,66
OBS-93-4-2,1,HCP-000093,PRODUCT-000004,2026-07-19,31,10,62
OBS-93-4-3,1,HCP-000093,PRODUCT-000004,2026-07-26,10,3,20
OBS-93-4-4,1,HCP-000093,PRODUCT-000004,2026-08-02,18,6,36
OBS-93-4-5,1,HCP-000093,PRODUCT-000004,2026-08-09,13,4,26
OBS-93-4-6,1,HCP-000093,PRODUCT-000004,2026-08-16,30,10,60
OBS-93-4-7,1,HCP-000093,PRODUCT-000004,2026-08-23,18,6,36
OBS-93-4-8,1,HCP-000093,PRODUCT-000004,2026-08-30,13,4,26
OBS-93-4-9,1,HCP-000093,PRODUCT-000004,2026-09-06,16,5,32
OBS-94-1-0,1,HCP-000094,PRODUCT-000001,2026-07-05,29,9,58
OBS-94-1-1,1,HCP-000094,PRODUCT-000001,2026-07-12,18,6,36
OBS-94-1-2,1,HCP-000094,PRODUCT-000001,2026-07-19,15,5,30
OBS-94-1-3,1,HCP-000094,PRODUCT-000001,2026-07-26,19,6,38
OBS-94-1-4,1,HCP-000094,PRODUCT-000001,2026-08-02,16,5,32
OBS-94-1-5,1,HCP-000094,PRODUCT-000001,2026-08-09,32,10,64
OBS-94-1-6,1,HCP-000094,PRODUCT-000001,2026-08-16,19,6,38
OBS-94-1-7,1,HCP-000094,PRODUCT-000001,2026-08-23,19,6,38
OBS-94-1-8,1,HCP-000094,PRODUCT-000001,2026-08-30,23,7,46
OBS-94-1-9,1,HCP-000094,PRODUCT-000001,2026-09-06,34,11,68
OBS-94-2-0,1,HCP-000094,PRODUCT-000002,2026-07-05,39,13,78
OBS-94-2-1,1,HCP-000094,PRODUCT-000002,2026-07-12,12,4,24
OBS-94-2-2,1,HCP-000094,PRODUCT-000002,2026-07-19,7,2,14
OBS-94-2-3,1,HCP-000094,PRODUCT-000002,2026-07-26,31,10,62
OBS-94-2-4,1,HCP-000094,PRODUCT-000002,2026-08-02,12,4,24
OBS-94-2-5,1,HCP-000094,PRODUCT-000002,2026-08-09,36,12,72
OBS-94-2-6,1,HCP-000094,PRODUCT-000002,2026-08-16,29,9,58
OBS-94-2-7,1,HCP-000094,PRODUCT-000002,2026-08-23,7,2,14
OBS-94-2-8,1,HCP-000094,PRODUCT-000002,2026-08-30,17,5,34
OBS-94-2-9,1,HCP-000094,PRODUCT-000002,2026-09-06,14,4,28
OBS-94-3-0,1,HCP-000094,PRODUCT-000003,2026-07-05,34,11,68
OBS-94-3-1,1,HCP-000094,PRODUCT-000003,2026-07-12,14,4,28
OBS-94-3-2,1,HCP-000094,PRODUCT-000003,2026-07-19,24,8,48
OBS-94-3-3,1,HCP-000094,PRODUCT-000003,2026-07-26,30,10,60
OBS-94-3-4,1,HCP-000094,PRODUCT-000003,2026-08-02,33,11,66
OBS-94-3-5,1,HCP-000094,PRODUCT-000003,2026-08-09,32,10,64
OBS-94-3-6,1,HCP-000094,PRODUCT-000003,2026-08-16,31,10,62
OBS-94-3-7,1,HCP-000094,PRODUCT-000003,2026-08-23,24,8,48
OBS-94-3-8,1,HCP-000094,PRODUCT-000003,2026-08-30,11,3,22
OBS-94-3-9,1,HCP-000094,PRODUCT-000003,2026-09-06,6,2,12
OBS-94-4-0,1,HCP-000094,PRODUCT-000004,2026-07-05,38,12,76
OBS-94-4-1,1,HCP-000094,PRODUCT-000004,2026-07-12,32,10,64
OBS-94-4-2,1,HCP-000094,PRODUCT-000004,2026-07-19,28,9,56
OBS-94-4-3,1,HCP-000094,PRODUCT-000004,2026-07-26,12,4,24
OBS-94-4-4,1,HCP-000094,PRODUCT-000004,2026-08-02,25,8,50
OBS-94-4-5,1,HCP-000094,PRODUCT-000004,2026-08-09,19,6,38
OBS-94-4-6,1,HCP-000094,PRODUCT-000004,2026-08-16,2,0,4
OBS-94-4-7,1,HCP-000094,PRODUCT-000004,2026-08-23,12,4,24
OBS-94-4-8,1,HCP-000094,PRODUCT-000004,2026-08-30,32,10,64
OBS-94-4-9,1,HCP-000094,PRODUCT-000004,2026-09-06,18,6,36
OBS-95-1-0,1,HCP-000095,PRODUCT-000001,2026-07-05,7,2,14
OBS-95-1-1,1,HCP-000095,PRODUCT-000001,2026-07-12,25,8,50
OBS-95-1-2,1,HCP-000095,PRODUCT-000001,2026-07-19,11,3,22
OBS-95-1-3,1,HCP-000095,PRODUCT-000001,2026-07-26,29,9,58
OBS-95-1-4,1,HCP-000095,PRODUCT-000001,2026-08-02,23,7,46
OBS-95-1-5,1,HCP-000095,PRODUCT-000001,2026-08-09,37,12,74
OBS-95-1-6,1,HCP-000095,PRODUCT-000001,2026-08-16,12,4,24
OBS-95-1-7,1,HCP-000095,PRODUCT-000001,2026-08-23,12,4,24
OBS-95-1-8,1,HCP-000095,PRODUCT-000001,2026-08-30,32,10,64
OBS-95-1-9,1,HCP-000095,PRODUCT-000001,2026-09-06,25,8,50
OBS-95-2-0,1,HCP-000095,PRODUCT-000002,2026-07-05,26,8,52
OBS-95-2-1,1,HCP-000095,PRODUCT-000002,2026-07-12,39,13,78
OBS-95-2-2,1,HCP-000095,PRODUCT-000002,2026-07-19,22,7,44
OBS-95-2-3,1,HCP-000095,PRODUCT-000002,2026-07-26,17,5,34
OBS-95-2-4,1,HCP-000095,PRODUCT-000002,2026-08-02,14,4,28
OBS-95-2-5,1,HCP-000095,PRODUCT-000002,2026-08-09,6,2,12
OBS-95-2-6,1,HCP-000095,PRODUCT-000002,2026-08-16,21,7,42
OBS-95-2-7,1,HCP-000095,PRODUCT-000002,2026-08-23,6,2,12
OBS-95-2-8,1,HCP-000095,PRODUCT-000002,2026-08-30,12,4,24
OBS-95-2-9,1,HCP-000095,PRODUCT-000002,2026-09-06,3,1,6
OBS-95-3-0,1,HCP-000095,PRODUCT-000003,2026-07-05,3,1,6
OBS-95-3-1,1,HCP-000095,PRODUCT-000003,2026-07-12,17,5,34
OBS-95-3-2,1,HCP-000095,PRODUCT-000003,2026-07-19,35,11,70
OBS-95-3-3,1,HCP-000095,PRODUCT-000003,2026-07-26,16,5,32
OBS-95-3-4,1,HCP-000095,PRODUCT-000003,2026-08-02,25,8,50
OBS-95-3-5,1,HCP-000095,PRODUCT-000003,2026-08-09,5,1,10
OBS-95-3-6,1,HCP-000095,PRODUCT-000003,2026-08-16,27,9,54
OBS-95-3-7,1,HCP-000095,PRODUCT-000003,2026-08-23,29,9,58
OBS-95-3-8,1,HCP-000095,PRODUCT-000003,2026-08-30,21,7,42
OBS-95-3-9,1,HCP-000095,PRODUCT-000003,2026-09-06,2,0,4
OBS-95-4-0,1,HCP-000095,PRODUCT-000004,2026-07-05,12,4,24
OBS-95-4-1,1,HCP-000095,PRODUCT-000004,2026-07-12,15,5,30
OBS-95-4-2,1,HCP-000095,PRODUCT-000004,2026-07-19,38,12,76
OBS-95-4-3,1,HCP-000095,PRODUCT-000004,2026-07-26,21,7,42
OBS-95-4-4,1,HCP-000095,PRODUCT-000004,2026-08-02,22,7,44
OBS-95-4-5,1,HCP-000095,PRODUCT-000004,2026-08-09,10,3,20
OBS-95-4-6,1,HCP-000095,PRODUCT-000004,2026-08-16,25,8,50
OBS-95-4-7,1,HCP-000095,PRODUCT-000004,2026-08-23,2,0,4
OBS-95-4-8,1,HCP-000095,PRODUCT-000004,2026-08-30,10,3,20
OBS-95-4-9,1,HCP-000095,PRODUCT-000004,2026-09-06,39,13,78
OBS-96-1-0,1,HCP-000096,PRODUCT-000001,2026-07-05,32,10,64
OBS-96-1-1,1,HCP-000096,PRODUCT-000001,2026-07-12,31,10,62
OBS-96-1-2,1,HCP-000096,PRODUCT-000001,2026-07-19,17,5,34
OBS-96-1-3,1,HCP-000096,PRODUCT-000001,2026-07-26,23,7,46
OBS-96-1-4,1,HCP-000096,PRODUCT-000001,2026-08-02,35,11,70
OBS-96-1-5,1,HCP-000096,PRODUCT-000001,2026-08-09,5,1,10
OBS-96-1-6,1,HCP-000096,PRODUCT-000001,2026-08-16,23,7,46
OBS-96-1-7,1,HCP-000096,PRODUCT-000001,2026-08-23,14,4,28
OBS-96-1-8,1,HCP-000096,PRODUCT-000001,2026-08-30,6,2,12
OBS-96-1-9,1,HCP-000096,PRODUCT-000001,2026-09-06,18,6,36
OBS-96-2-0,1,HCP-000096,PRODUCT-000002,2026-07-05,3,1,6
OBS-96-2-1,1,HCP-000096,PRODUCT-000002,2026-07-12,17,5,34
OBS-96-2-2,1,HCP-000096,PRODUCT-000002,2026-07-19,32,10,64
OBS-96-2-3,1,HCP-000096,PRODUCT-000002,2026-07-26,34,11,68
OBS-96-2-4,1,HCP-000096,PRODUCT-000002,2026-08-02,10,3,20
OBS-96-2-5,1,HCP-000096,PRODUCT-000002,2026-08-09,29,9,58
OBS-96-2-6,1,HCP-000096,PRODUCT-000002,2026-08-16,14,4,28
OBS-96-2-7,1,HCP-000096,PRODUCT-000002,2026-08-23,34,11,68
OBS-96-2-8,1,HCP-000096,PRODUCT-000002,2026-08-30,19,6,38
OBS-96-2-9,1,HCP-000096,PRODUCT-000002,2026-09-06,15,5,30
OBS-96-3-0,1,HCP-000096,PRODUCT-000003,2026-07-05,39,13,78
OBS-96-3-1,1,HCP-000096,PRODUCT-000003,2026-07-12,12,4,24
OBS-96-3-2,1,HCP-000096,PRODUCT-000003,2026-07-19,2,0,4
OBS-96-3-3,1,HCP-000096,PRODUCT-000003,2026-07-26,28,9,56
OBS-96-3-4,1,HCP-000096,PRODUCT-000003,2026-08-02,5,1,10
OBS-96-3-5,1,HCP-000096,PRODUCT-000003,2026-08-09,28,9,56
OBS-96-3-6,1,HCP-000096,PRODUCT-000003,2026-08-16,39,13,78
OBS-96-3-7,1,HCP-000096,PRODUCT-000003,2026-08-23,33,11,66
OBS-96-3-8,1,HCP-000096,PRODUCT-000003,2026-08-30,23,7,46
OBS-96-3-9,1,HCP-000096,PRODUCT-000003,2026-09-06,28,9,56
OBS-96-4-0,1,HCP-000096,PRODUCT-000004,2026-07-05,35,11,70
OBS-96-4-1,1,HCP-000096,PRODUCT-000004,2026-07-12,38,12,76
OBS-96-4-2,1,HCP-000096,PRODUCT-000004,2026-07-19,3,1,6
OBS-96-4-3,1,HCP-000096,PRODUCT-000004,2026-07-26,30,10,60
OBS-96-4-4,1,HCP-000096,PRODUCT-000004,2026-08-02,37,12,74
OBS-96-4-5,1,HCP-000096,PRODUCT-000004,2026-08-09,23,7,46
OBS-96-4-6,1,HCP-000096,PRODUCT-000004,2026-08-16,32,10,64
OBS-96-4-7,1,HCP-000096,PRODUCT-000004,2026-08-23,3,1,6
OBS-96-4-8,1,HCP-000096,PRODUCT-000004,2026-08-30,3,1,6
OBS-96-4-9,1,HCP-000096,PRODUCT-000004,2026-09-06,3,1,6
OBS-97-1-0,1,HCP-000097,PRODUCT-000001,2026-07-05,10,3,20
OBS-97-1-1,1,HCP-000097,PRODUCT-000001,2026-07-12,35,11,70
OBS-97-1-2,1,HCP-000097,PRODUCT-000001,2026-07-19,5,1,10
OBS-97-1-3,1,HCP-000097,PRODUCT-000001,2026-07-26,20,6,40
OBS-97-1-4,1,HCP-000097,PRODUCT-000001,2026-08-02,14,4,28
OBS-97-1-5,1,HCP-000097,PRODUCT-000001,2026-08-09,37,12,74
OBS-97-1-6,1,HCP-000097,PRODUCT-000001,2026-08-16,22,7,44
OBS-97-1-7,1,HCP-000097,PRODUCT-000001,2026-08-23,33,11,66
OBS-97-1-8,1,HCP-000097,PRODUCT-000001,2026-08-30,20,6,40
OBS-97-1-9,1,HCP-000097,PRODUCT-000001,2026-09-06,36,12,72
OBS-97-2-0,1,HCP-000097,PRODUCT-000002,2026-07-05,28,9,56
OBS-97-2-1,1,HCP-000097,PRODUCT-000002,2026-07-12,34,11,68
OBS-97-2-2,1,HCP-000097,PRODUCT-000002,2026-07-19,32,10,64
OBS-97-2-3,1,HCP-000097,PRODUCT-000002,2026-07-26,39,13,78
OBS-97-2-4,1,HCP-000097,PRODUCT-000002,2026-08-02,18,6,36
OBS-97-2-5,1,HCP-000097,PRODUCT-000002,2026-08-09,6,2,12
OBS-97-2-6,1,HCP-000097,PRODUCT-000002,2026-08-16,2,0,4
OBS-97-2-7,1,HCP-000097,PRODUCT-000002,2026-08-23,19,6,38
OBS-97-2-8,1,HCP-000097,PRODUCT-000002,2026-08-30,38,12,76
OBS-97-2-9,1,HCP-000097,PRODUCT-000002,2026-09-06,21,7,42
OBS-97-3-0,1,HCP-000097,PRODUCT-000003,2026-07-05,38,12,76
OBS-97-3-1,1,HCP-000097,PRODUCT-000003,2026-07-12,15,5,30
OBS-97-3-2,1,HCP-000097,PRODUCT-000003,2026-07-19,18,6,36
OBS-97-3-3,1,HCP-000097,PRODUCT-000003,2026-07-26,26,8,52
OBS-97-3-4,1,HCP-000097,PRODUCT-000003,2026-08-02,8,2,16
OBS-97-3-5,1,HCP-000097,PRODUCT-000003,2026-08-09,36,12,72
OBS-97-3-6,1,HCP-000097,PRODUCT-000003,2026-08-16,9,3,18
OBS-97-3-7,1,HCP-000097,PRODUCT-000003,2026-08-23,15,5,30
OBS-97-3-8,1,HCP-000097,PRODUCT-000003,2026-08-30,1,0,2
OBS-97-3-9,1,HCP-000097,PRODUCT-000003,2026-09-06,38,12,76
OBS-97-4-0,1,HCP-000097,PRODUCT-000004,2026-07-05,38,12,76
OBS-97-4-1,1,HCP-000097,PRODUCT-000004,2026-07-12,27,9,54
OBS-97-4-2,1,HCP-000097,PRODUCT-000004,2026-07-19,13,4,26
OBS-97-4-3,1,HCP-000097,PRODUCT-000004,2026-07-26,20,6,40
OBS-97-4-4,1,HCP-000097,PRODUCT-000004,2026-08-02,3,1,6
OBS-97-4-5,1,HCP-000097,PRODUCT-000004,2026-08-09,15,5,30
OBS-97-4-6,1,HCP-000097,PRODUCT-000004,2026-08-16,36,12,72
OBS-97-4-7,1,HCP-000097,PRODUCT-000004,2026-08-23,28,9,56
OBS-97-4-8,1,HCP-000097,PRODUCT-000004,2026-08-30,15,5,30
OBS-97-4-9,1,HCP-000097,PRODUCT-000004,2026-09-06,26,8,52
OBS-98-1-0,1,HCP-000098,PRODUCT-000001,2026-07-05,7,2,14
OBS-98-1-1,1,HCP-000098,PRODUCT-000001,2026-07-12,2,0,4
OBS-98-1-2,1,HCP-000098,PRODUCT-000001,2026-07-19,19,6,38
OBS-98-1-3,1,HCP-000098,PRODUCT-000001,2026-07-26,5,1,10
OBS-98-1-4,1,HCP-000098,PRODUCT-000001,2026-08-02,34,11,68
OBS-98-1-5,1,HCP-000098,PRODUCT-000001,2026-08-09,13,4,26
OBS-98-1-6,1,HCP-000098,PRODUCT-000001,2026-08-16,7,2,14
OBS-98-1-7,1,HCP-000098,PRODUCT-000001,2026-08-23,18,6,36
OBS-98-1-8,1,HCP-000098,PRODUCT-000001,2026-08-30,37,12,74
OBS-98-1-9,1,HCP-000098,PRODUCT-000001,2026-09-06,8,2,16
OBS-98-2-0,1,HCP-000098,PRODUCT-000002,2026-07-05,2,0,4
OBS-98-2-1,1,HCP-000098,PRODUCT-000002,2026-07-12,18,6,36
OBS-98-2-2,1,HCP-000098,PRODUCT-000002,2026-07-19,8,2,16
OBS-98-2-3,1,HCP-000098,PRODUCT-000002,2026-07-26,3,1,6
OBS-98-2-4,1,HCP-000098,PRODUCT-000002,2026-08-02,26,8,52
OBS-98-2-5,1,HCP-000098,PRODUCT-000002,2026-08-09,5,1,10
OBS-98-2-6,1,HCP-000098,PRODUCT-000002,2026-08-16,32,10,64
OBS-98-2-7,1,HCP-000098,PRODUCT-000002,2026-08-23,3,1,6
OBS-98-2-8,1,HCP-000098,PRODUCT-000002,2026-08-30,20,6,40
OBS-98-2-9,1,HCP-000098,PRODUCT-000002,2026-09-06,24,8,48
OBS-98-3-0,1,HCP-000098,PRODUCT-000003,2026-07-05,7,2,14
OBS-98-3-1,1,HCP-000098,PRODUCT-000003,2026-07-12,18,6,36
OBS-98-3-2,1,HCP-000098,PRODUCT-000003,2026-07-19,38,12,76
OBS-98-3-3,1,HCP-000098,PRODUCT-000003,2026-07-26,31,10,62
OBS-98-3-4,1,HCP-000098,PRODUCT-000003,2026-08-02,32,10,64
OBS-98-3-5,1,HCP-000098,PRODUCT-000003,2026-08-09,37,12,74
OBS-98-3-6,1,HCP-000098,PRODUCT-000003,2026-08-16,6,2,12
OBS-98-3-7,1,HCP-000098,PRODUCT-000003,2026-08-23,11,3,22
OBS-98-3-8,1,HCP-000098,PRODUCT-000003,2026-08-30,27,9,54
OBS-98-3-9,1,HCP-000098,PRODUCT-000003,2026-09-06,3,1,6
OBS-98-4-0,1,HCP-000098,PRODUCT-000004,2026-07-05,23,7,46
OBS-98-4-1,1,HCP-000098,PRODUCT-000004,2026-07-12,8,2,16
OBS-98-4-2,1,HCP-000098,PRODUCT-000004,2026-07-19,37,12,74
OBS-98-4-3,1,HCP-000098,PRODUCT-000004,2026-07-26,23,7,46
OBS-98-4-4,1,HCP-000098,PRODUCT-000004,2026-08-02,33,11,66
OBS-98-4-5,1,HCP-000098,PRODUCT-000004,2026-08-09,28,9,56
OBS-98-4-6,1,HCP-000098,PRODUCT-000004,2026-08-16,32,10,64
OBS-98-4-7,1,HCP-000098,PRODUCT-000004,2026-08-23,15,5,30
OBS-98-4-8,1,HCP-000098,PRODUCT-000004,2026-08-30,4,1,8
OBS-98-4-9,1,HCP-000098,PRODUCT-000004,2026-09-06,13,4,26
OBS-99-1-0,1,HCP-000099,PRODUCT-000001,2026-07-05,11,3,22
OBS-99-1-1,1,HCP-000099,PRODUCT-000001,2026-07-12,31,10,62
OBS-99-1-2,1,HCP-000099,PRODUCT-000001,2026-07-19,35,11,70
OBS-99-1-3,1,HCP-000099,PRODUCT-000001,2026-07-26,20,6,40
OBS-99-1-4,1,HCP-000099,PRODUCT-000001,2026-08-02,35,11,70
OBS-99-1-5,1,HCP-000099,PRODUCT-000001,2026-08-09,2,0,4
OBS-99-1-6,1,HCP-000099,PRODUCT-000001,2026-08-16,16,5,32
OBS-99-1-7,1,HCP-000099,PRODUCT-000001,2026-08-23,12,4,24
OBS-99-1-8,1,HCP-000099,PRODUCT-000001,2026-08-30,7,2,14
OBS-99-1-9,1,HCP-000099,PRODUCT-000001,2026-09-06,35,11,70
OBS-99-2-0,1,HCP-000099,PRODUCT-000002,2026-07-05,6,2,12
OBS-99-2-1,1,HCP-000099,PRODUCT-000002,2026-07-12,37,12,74
OBS-99-2-2,1,HCP-000099,PRODUCT-000002,2026-07-19,18,6,36
OBS-99-2-3,1,HCP-000099,PRODUCT-000002,2026-07-26,15,5,30
OBS-99-2-4,1,HCP-000099,PRODUCT-000002,2026-08-02,27,9,54
OBS-99-2-5,1,HCP-000099,PRODUCT-000002,2026-08-09,22,7,44
OBS-99-2-6,1,HCP-000099,PRODUCT-000002,2026-08-16,24,8,48
OBS-99-2-7,1,HCP-000099,PRODUCT-000002,2026-08-23,13,4,26
OBS-99-2-8,1,HCP-000099,PRODUCT-000002,2026-08-30,11,3,22
OBS-99-2-9,1,HCP-000099,PRODUCT-000002,2026-09-06,38,12,76
OBS-99-3-0,1,HCP-000099,PRODUCT-000003,2026-07-05,36,12,72
OBS-99-3-1,1,HCP-000099,PRODUCT-000003,2026-07-12,31,10,62
OBS-99-3-2,1,HCP-000099,PRODUCT-000003,2026-07-19,10,3,20
OBS-99-3-3,1,HCP-000099,PRODUCT-000003,2026-07-26,24,8,48
OBS-99-3-4,1,HCP-000099,PRODUCT-000003,2026-08-02,3,1,6
OBS-99-3-5,1,HCP-000099,PRODUCT-000003,2026-08-09,17,5,34
OBS-99-3-6,1,HCP-000099,PRODUCT-000003,2026-08-16,17,5,34
OBS-99-3-7,1,HCP-000099,PRODUCT-000003,2026-08-23,3,1,6
OBS-99-3-8,1,HCP-000099,PRODUCT-000003,2026-08-30,22,7,44
OBS-99-3-9,1,HCP-000099,PRODUCT-000003,2026-09-06,31,10,62
OBS-99-4-0,1,HCP-000099,PRODUCT-000004,2026-07-05,26,8,52
OBS-99-4-1,1,HCP-000099,PRODUCT-000004,2026-07-12,16,5,32
OBS-99-4-2,1,HCP-000099,PRODUCT-000004,2026-07-19,25,8,50
OBS-99-4-3,1,HCP-000099,PRODUCT-000004,2026-07-26,26,8,52
OBS-99-4-4,1,HCP-000099,PRODUCT-000004,2026-08-02,1,0,2
OBS-99-4-5,1,HCP-000099,PRODUCT-000004,2026-08-09,29,9,58
OBS-99-4-6,1,HCP-000099,PRODUCT-000004,2026-08-16,25,8,50
OBS-99-4-7,1,HCP-000099,PRODUCT-000004,2026-08-23,30,10,60
OBS-99-4-8,1,HCP-000099,PRODUCT-000004,2026-08-30,34,11,68
OBS-99-4-9,1,HCP-000099,PRODUCT-000004,2026-09-06,35,11,70
OBS-100-1-0,1,HCP-000100,PRODUCT-000001,2026-07-05,37,12,74
OBS-100-1-1,1,HCP-000100,PRODUCT-000001,2026-07-12,29,9,58
OBS-100-1-2,1,HCP-000100,PRODUCT-000001,2026-07-19,23,7,46
OBS-100-1-3,1,HCP-000100,PRODUCT-000001,2026-07-26,18,6,36
OBS-100-1-4,1,HCP-000100,PRODUCT-000001,2026-08-02,13,4,26
OBS-100-1-5,1,HCP-000100,PRODUCT-000001,2026-08-09,12,4,24
OBS-100-1-6,1,HCP-000100,PRODUCT-000001,2026-08-16,2,0,4
OBS-100-1-7,1,HCP-000100,PRODUCT-000001,2026-08-23,29,9,58
OBS-100-1-8,1,HCP-000100,PRODUCT-000001,2026-08-30,6,2,12
OBS-100-1-9,1,HCP-000100,PRODUCT-000001,2026-09-06,11,3,22
OBS-100-2-0,1,HCP-000100,PRODUCT-000002,2026-07-05,22,7,44
OBS-100-2-1,1,HCP-000100,PRODUCT-000002,2026-07-12,35,11,70
OBS-100-2-2,1,HCP-000100,PRODUCT-000002,2026-07-19,33,11,66
OBS-100-2-3,1,HCP-000100,PRODUCT-000002,2026-07-26,19,6,38
OBS-100-2-4,1,HCP-000100,PRODUCT-000002,2026-08-02,12,4,24
OBS-100-2-5,1,HCP-000100,PRODUCT-000002,2026-08-09,3,1,6
OBS-100-2-6,1,HCP-000100,PRODUCT-000002,2026-08-16,37,12,74
OBS-100-2-7,1,HCP-000100,PRODUCT-000002,2026-08-23,16,5,32
OBS-100-2-8,1,HCP-000100,PRODUCT-000002,2026-08-30,2,0,4
OBS-100-2-9,1,HCP-000100,PRODUCT-000002,2026-09-06,36,12,72
OBS-100-3-0,1,HCP-000100,PRODUCT-000003,2026-07-05,20,6,40
OBS-100-3-1,1,HCP-000100,PRODUCT-000003,2026-07-12,30,10,60
OBS-100-3-2,1,HCP-000100,PRODUCT-000003,2026-07-19,20,6,40
OBS-100-3-3,1,HCP-000100,PRODUCT-000003,2026-07-26,22,7,44
OBS-100-3-4,1,HCP-000100,PRODUCT-000003,2026-08-02,37,12,74
OBS-100-3-5,1,HCP-000100,PRODUCT-000003,2026-08-09,13,4,26
OBS-100-3-6,1,HCP-000100,PRODUCT-000003,2026-08-16,1,0,2
OBS-100-3-7,1,HCP-000100,PRODUCT-000003,2026-08-23,27,9,54
OBS-100-3-8,1,HCP-000100,PRODUCT-000003,2026-08-30,11,3,22
OBS-100-3-9,1,HCP-000100,PRODUCT-000003,2026-09-06,39,13,78
OBS-100-4-0,1,HCP-000100,PRODUCT-000004,2026-07-05,19,6,38
OBS-100-4-1,1,HCP-000100,PRODUCT-000004,2026-07-12,29,9,58
OBS-100-4-2,1,HCP-000100,PRODUCT-000004,2026-07-19,4,1,8
OBS-100-4-3,1,HCP-000100,PRODUCT-000004,2026-07-26,18,6,36
OBS-100-4-4,1,HCP-000100,PRODUCT-000004,2026-08-02,28,9,56
OBS-100-4-5,1,HCP-000100,PRODUCT-000004,2026-08-09,14,4,28
OBS-100-4-6,1,HCP-000100,PRODUCT-000004,2026-08-16,35,11,70
OBS-100-4-7,1,HCP-000100,PRODUCT-000004,2026-08-23,17,5,34
OBS-100-4-8,1,HCP-000100,PRODUCT-000004,2026-08-30,8,2,16
OBS-100-4-9,1,HCP-000100,PRODUCT-000004,2026-09-06,21,7,42
OBS-1-1-0,2,HCP-000001,PRODUCT-000001,2026-07-05,50,10,100
